0,-0.6,-0.52,0.1
0.01,-0.6,-0.520000016713117,0.0999999993185594
0.02,-0.6,-0.52000026438753,0.0999999892770181
0.03,-0.6,-0.520001318294424,0.0999999470156829
0.04,-0.6,-0.520004091437343,0.0999998376175933
0.05,-0.6,-0.520009777903085,0.0999996181546195
0.06,-0.6,-0.520019792159587,0.0999992417623897
0.07,-0.6,-0.520035698294925,0.0999986620285395
0.08,-0.6,-0.520059143277882,0.09999783637534
0.09,-0.6,-0.520091792462555,0.0999967287366349
0.1,-0.6,-0.520135269500882,0.0999953112008597
0.11,-0.6,-0.520191107393132,0.0999935646231508
0.12,-0.6,-0.520260707381117,0.0999914784859782
0.13,-0.6,-0.520345308127863,0.0999890501313269
0.14,-0.6,-0.520445966350829,0.0999862836085426
0.15,-0.6,-0.52056354751388,0.0999831884026128
0.16,-0.6,-0.520698724401676,0.0999797781536698
0.17,-0.6,-0.520851985103054,0.0999760694946028
0.18,-0.6,-0.521023646284895,0.0999720811366117
0.19,-0.6,-0.521213872889538,0.099967833056647
0.2,-0.6,-0.521422697080637,0.099963346025162
0.21,-0.6,-0.521650047631491,0.0999586410886369
0.22,-0.6,-0.521895766268481,0.099953739390678
0.23,-0.6,-0.522159639051908,0.0999486618850234
0.24,-0.6,-0.522441411514457,0.0999434292252329
0.25,-0.6,-0.522740811130578,0.0999380616249332
0.26,-0.6,-0.523057560627514,0.0999325787778783
0.27,-0.6,-0.5233913927393,0.0999269997774534
0.28,-0.6,-0.523742056730462,0.0999213430842304
0.29,-0.6,-0.524109325931803,0.0999156264955374
0.3,-0.6,-0.524492998638624,0.0999098671572951
0.31,-0.6,-0.524892898904856,0.0999040815813923
0.32,-0.6,-0.52530887313471,0.0998982856899314
0.33,-0.6,-0.525740786500006,0.0998924948569958
0.34,-0.6,-0.526188516958688,0.0998867239595615
0.35,-0.6,-0.526651948600442,0.099880987419588
0.36,-0.6,-0.527130966665063,0.0998752992317623
0.37,-0.6,-0.527625448521399,0.0998696729872243
0.38,-0.6,-0.528135260492665,0.0998641218743117
0.39,-0.6,-0.528660251022529,0.0998586586701022
0.4,-0.6,-0.529200246461225,0.0998532957247335
0.41,-0.6,-0.529755049357151,0.0998480449336475
0.42,-0.6,-0.530324434468425,0.0998429177101449
0.43,-0.6,-0.530908149709115,0.0998379249573496
0.44,-0.6,-0.531505914640635,0.0998330770407855
0.45,-0.6,-0.532117422542802,0.099828383767284
0.46,-0.6,-0.53274234168814,0.0998238543671674
0.47,-0.6,-0.53338031755785,0.0998194974823343
0.48,-0.6,-0.534030975755471,0.0998153211568088
0.49,-0.6,-0.534693925580799,0.0998113328389265
0.5,-0.6,-0.535368761596331,0.0998075393726809
0.51,-0.6,-0.536055067926776,0.0998039470058662
0.52,-0.6,-0.536752422140149,0.0998005613966008
0.53,-0.6,-0.537460395115482,0.0997973876121943
0.54,-0.6,-0.5381785550582,0.0997944301434019
0.55,-0.6,-0.538906470878998,0.0997916929085542
0.56,-0.6,-0.539643710827685,0.0997891792669817
0.57,-0.6,-0.54038984535136,0.0997868920316739
0.58,-0.6,-0.541144448484335,0.0997848334749662
0.59,-0.6,-0.541907096700045,0.0997830053541961
0.6,-0.6,-0.542677370495939,0.0997814089207407
0.61,-0.6,-0.54345485419465,0.0997800449322159
0.62,-0.6,-0.544239135080065,0.099778913684394
0.63,-0.6,-0.54502980375019,0.0997780150217255
0.64,-0.6,-0.54582645370515,0.0997773483476733
0.65,-0.6,-0.546628680714038,0.0997769126618308
0.66,-0.6,-0.547436082709375,0.0997767065762803
0.67,-0.6,-0.548248259117339,0.0997767283244906
0.68,-0.6,-0.549064810812874,0.0997769757837261
0.69,-0.6,-0.54988534042069,0.099777446505427
0.7,-0.6,-0.550709451772059,0.0997781377285884
0.71,-0.6,-0.551536749758688,0.0997790463884244
0.72,-0.6,-0.55236684112808,0.099780169141363
0.73,-0.6,-0.553199334567554,0.0997815023855111
0.74,-0.6,-0.554033840925426,0.0997830422708282
0.75,-0.6,-0.554869973570376,0.0997847847110328
0.76,-0.599999991928743,-0.555707349323092,0.0997877119568306
0.77,-0.599999872036821,-0.556545605155227,0.0997928058472872
0.78,-0.599999356774963,-0.557384413780009,0.0998000583555289
0.79,-0.599997988601405,-0.558223481721639,0.0998094588484143
0.8,-0.599995156601992,-0.559062546306989,0.0998209946971259
0.81,-0.599990122914558,-0.559901371595669,0.0998346520280317
0.82,-0.599982052983454,-0.560739743697519,0.0998504165754688
0.83,-0.599970046577034,-0.561577465852308,0.0998682743946771
0.84,-0.599953168109976,-0.562414353629874,0.0998882124833949
0.85,-0.59993047712112,-0.563250230051237,0.0999102191995542
0.86,-0.599901051810717,-0.564084921808909,0.0999342844518235
0.87,-0.599864013440253,-0.564918255338038,0.0999603997389441
0.88,-0.599818541274199,-0.565750054400991,0.0999885580156853
0.89,-0.599763886977297,-0.566580137761867,0.100018753482186
0.9,-0.599699381754501,-0.567408318033724,0.100050981304303
0.91,-0.599624439658592,-0.568234401152327,0.100085237354388
0.92,-0.599538557767961,-0.56905818636434,0.10012151794127
0.93,-0.599441311551215,-0.569879467002456,0.100159819632987
0.94,-0.599332348613458,-0.570698031535217,0.10020013907785
0.95,-0.599211380631187,-0.571513664910692,0.100242472939344
0.96,-0.599078171759408,-0.572326150495017,0.100286817813238
0.97,-0.598932530759378,-0.573135271389035,0.100333170235678
0.98,-0.59877429733328,-0.573940812717505,0.100381526683767
0.99,-0.598603334968524,-0.574742562832622,0.100431883597972
1,-0.598419520036479,-0.575540315148666,0.100484237419938
1.01,-0.598222734211802,-0.576333869421336,0.100538584624491
1.02,-0.598012858969016,-0.577123032683097,0.100594921751455
1.03,-0.597789769320876,-0.57790762030489,0.10065324544119
1.04,-0.59755333184466,-0.578687456337946,0.100713552455623
1.05,-0.597303401500964,-0.57946237405822,0.10077583970858
1.06,-0.597039822415192,-0.580232215838415,0.100840104275114
1.07,-0.596762427319751,-0.580996833246364,0.100906343416352
1.08,-0.596471040137561,-0.581756086602008,0.100974554573171
1.09,-0.59616547782327,-0.582509844660663,0.101044735383861
1.1,-0.595845552919147,-0.583257984164376,0.101116883666542
1.11,-0.595511077200688,-0.584000389197739,0.10119099741353
1.12,-0.595161864936413,-0.584736950611407,0.101267074783016
1.13,-0.594797734598911,-0.585467565692838,0.101345114068409
1.14,-0.594418513207344,-0.586192137373473,0.101425113678767
1.15,-0.594024038228271,-0.586910573858952,0.101507072116731
1.16,-0.593614158165944,-0.587622788474825,0.101590987955917
1.17,-0.593188736213645,-0.58832869894816,0.101676859810633
1.18,-0.592747649489349,-0.589028227492212,0.101764686325199
1.19,-0.592290789739879,-0.589721300590211,0.101854466154099
1.2,-0.591818064105619,-0.590407848756927,0.101946197950892
1.21,-0.591329393691923,-0.591087806743132,0.102039880361864
1.22,-0.590824713313743,-0.591761113424927,0.102135512024113
1.23,-0.590303970389722,-0.592427711892388,0.102233091573133
1.24,-0.589767124219839,-0.593087549570912,0.102332617627396
1.25,-0.589214143890287,-0.593740578349767,0.102434088815071
1.26,-0.58864500695646,-0.594386754705582,0.102537503791256
1.27,-0.588059698989243,-0.595026039779128,0.102642861220635
1.28,-0.587458212880508,-0.59565839937752,0.102750159778378
1.29,-0.586840545410998,-0.596283804303071,0.102859398205261
1.3,-0.586206697278727,-0.596902230332525,0.102970575302657
1.31,-0.585556674121256,-0.597513658027882,0.103083689894007
1.32,-0.584890484163477,-0.598118072912349,0.103198740867475
1.33,-0.584208137463372,-0.598715465478837,0.103315727189945
1.34,-0.583509646973323,-0.599305831004381,0.103434647874601
1.35,-0.582795027669431,-0.599889169517814,0.103555501996996
1.36,-0.582064296096282,-0.600465485727256,0.103678288710683
1.37,-0.581317471273745,-0.601034788865511,0.103803007216293
1.38,-0.580554574497056,-0.601597092562783,0.103929656765554
1.39,-0.579775629182135,-0.602152414679426,0.104058236678953
1.4,-0.57898066144105,-0.602700777186695,0.104188746324346
1.41,-0.578169700267879,-0.603242206107802,0.104321185095016
1.42,-0.577342777557132,-0.603776731190838,0.104455552435787
1.43,-0.576499928198532,-0.604304385815168,0.104591847846515
1.44,-0.575641190414389,-0.604825206932892,0.104730070851635
1.45,-0.574766605702072,-0.605339235132276,0.104870220973766
1.46,-0.57387621873746,-0.605846514140721,0.105012297778581
1.47,-0.57297007738472,-0.606347090772466,0.105156300878674
1.48,-0.572048232681744,-0.606841014943956,0.105302229926107
1.49,-0.571110738684463,-0.6073283397095,0.105450084561306
1.5,-0.570157652217149,-0.607809120986409,0.105599864457691
1.51,-0.569189029563226,-0.608283413298486,0.105751100813502
1.52,-0.568204979755653,-0.608751260966329,0.105903326166459
1.53,-0.567205715947767,-0.609212689594074,0.106056537251721
1.54,-0.566191544803485,-0.609667703681739,0.106210729172878
1.55,-0.565162854571562,-0.610116289559657,0.106365895703952
1.56,-0.564120102942149,-0.610558418434488,0.106522029571233
1.57,-0.5630637979001,-0.610994051169702,0.106679122945421
1.58,-0.561994484485916,-0.611423141629065,0.106837167714281
1.59,-0.560912725600534,-0.611845641494309,0.106996155883616
1.6,-0.559819089123312,-0.61226150349737,0.107156079801334
1.61,-0.558714131775803,-0.612670685459483,0.107316932390328
1.62,-0.557598389847521,-0.613073152595915,0.10747870723994
1.63,-0.55647236785598,-0.613468880318193,0.107641398686939
1.64,-0.555336533877159,-0.613857855353345,0.107805001803259
1.65,-0.554191313357677,-0.614240077214272,0.107969512376913
1.66,-0.553037089050309,-0.614615558136638,0.108134926845638
1.67,-0.551874199690412,-0.614984323288948,0.108301242229578
1.68,-0.550702943162249,-0.615346409885396,0.108468456058212
1.69,-0.549523579331379,-0.615701866311066,0.108636566286186
1.7,-0.548336334309918,-0.6160507509732,0.108805571240876
1.71,-0.547141406618793,-0.616393130552468,0.108975469535883
1.72,-0.545938971677058,-0.616729078781236,0.109146260028325
1.73,-0.544729187097574,-0.617058674986537,0.109317941771083
1.74,-0.543512200011238,-0.617382002049147,0.109490513945332
1.75,-0.542288148375222,-0.617699146048629,0.109663975854939
1.76,-0.541057168126786,-0.618010194254875,0.109838326868536
1.77,-0.539819395328701,-0.618315234512049,0.110013566404605
1.78,-0.538574967760137,-0.618614354753393,0.110189693920024
1.79,-0.537324028599342,-0.618907641919324,0.110366708886065
1.8,-0.536066725273337,-0.619195182226169,0.110544610795162
1.81,-0.534803211259005,-0.619477060559153,0.110723399154203
1.82,-0.53353364487136,-0.61975336075166,0.110903073491799
1.83,-0.532258188392578,-0.620024165716194,0.111083633366498
1.84,-0.530977007063617,-0.620289557590025,0.111265078380289
1.85,-0.529690267705737,-0.620549618112708,0.111447408178414
1.86,-0.52839813653084,-0.620804429032898,0.111630622470191
1.87,-0.527100777289547,-0.621054072496559,0.111814721044374
1.88,-0.525798350787628,-0.621298631218912,0.111999703757605
1.89,-0.52449101325281,-0.621538188788625,0.112185570544506
1.9,-0.523178913036608,-0.621772830368805,0.112372321440201
1.91,-0.5218621912526,-0.622002642557693,0.112559956567654
1.92,-0.520540981963336,-0.62222771332326,0.112748476125142
1.93,-0.519215409711109,-0.622448132479209,0.112937880402591
1.94,-0.517885590035513,-0.622663991541078,0.113128169772701
1.95,-0.516551630066735,-0.622875383556532,0.11331934467954
1.96,-0.515213627816359,-0.623082403159156,0.113511405642499
1.97,-0.51387167297688,-0.62328514635463,0.113704353247927
1.98,-0.512525847537696,-0.623483710348449,0.113898188138635
1.99,-0.511176226254812,-0.623678193291039,0.114092911015237
2,-0.509822877426708,-0.623868694055728,0.114288522630966
2.01,-0.508465863055885,-0.624055312260532,0.11448502377791
2.02,-0.507105240175676,-0.624238147758105,0.114682415288193
2.03,-0.505741061531247,-0.624417300397819,0.114880698034609
2.04,-0.504373376074328,-0.624592869904393,0.115079872924021
2.05,-0.503002228135692,-0.624764956202198,0.115279940881605
2.06,-0.501627659156945,-0.624933658753711,0.115480902858101
2.07,-0.500249708479216,-0.625099076285238,0.115682759831806
2.08,-0.498868413227009,-0.62526130682493,0.115885512807491
2.09,-0.497483807232296,-0.625420448081941,0.116089162800174
2.1,-0.49609592190546,-0.625576597122858,0.11629371083616
2.11,-0.494704786613149,-0.625729850159713,0.116499157962571
2.12,-0.493310428504485,-0.625880302585588,0.116705505247964
2.13,-0.491912872005983,-0.626028049171098,0.116912753768559
2.14,-0.490512139217072,-0.626173183981088,0.117120904598422
2.15,-0.489108249540216,-0.626315800288184,0.117329958829841
2.16,-0.487701219629311,-0.626455990574656,0.117539917574644
2.17,-0.486291063297855,-0.626593846570042,0.117750781961749
2.18,-0.484877791444006,-0.626729459392337,0.117962553111448
2.19,-0.48346141241153,-0.62686291935306,0.118175232143664
2.2,-0.482041931381271,-0.626994316018911,0.118388820193438
2.21,-0.480619350322029,-0.627123738223814,0.118603318411096
2.22,-0.479193668367822,-0.627251274017561,0.1188187279507
2.23,-0.477764882181466,-0.627377010617853,0.119035049952457
2.24,-0.476332985553829,-0.627501034403166,0.119252285563472
2.25,-0.47489796947753,-0.627623430883333,0.119470435924269
2.26,-0.47345982377359,-0.627744283300451,0.1196892564221
2.27,-0.47201856079347,-0.627863662563184,0.119908508988645
2.28,-0.47057423756489,-0.627981617693805,0.120128194440652
2.29,-0.469126953547911,-0.628098176171172,0.12034831327131
2.3,-0.467676845509879,-0.628213346315145,0.120568865723278
2.31,-0.466224081422663,-0.62832712011784,0.120789851844229
2.32,-0.464768851343118,-0.628439477467851,0.12101127159318
2.33,-0.463311361480749,-0.628550388902465,0.121233124888554
2.34,-0.461851824985793,-0.628659819873509,0.121455411688078
2.35,-0.460390454740035,-0.628767734087059,0.121678132040245
2.36,-0.458927458295981,-0.628874095856371,0.121901286103224
2.37,-0.457463029606782,-0.628978873929084,0.122124874182463
2.38,-0.455997347883783,-0.629082042035478,0.122348896714398
2.39,-0.454530571505473,-0.629183581710559,0.122573354273097
2.4,-0.453062838366866,-0.629283482155131,0.122798247548667
2.41,-0.451594263357355,-0.629381741413204,0.123023577332842
2.42,-0.450124939573972,-0.629478365834777,0.123249344500033
2.43,-0.448654939006207,-0.629573369777479,0.12347554998797
2.44,-0.447184314128666,-0.629666774890036,0.123702194783404
2.45,-0.445713100366992,-0.629758609003063,0.123929279906906
2.46,-0.444241318972379,-0.629848904809168,0.124156806400515
2.47,-0.442768978817339,-0.62993769907142,0.124384775319185
2.48,-0.441296079752356,-0.630025031093978,0.124613187720299
2.49,-0.439822616294084,-0.630110941024356,0.124842044656502
2.5,-0.438348577739609,-0.630195469849011,0.125071347170482
2.51,-0.436873951289872,-0.630278657967675,0.125301096288186
2.52,-0.435398725269482,-0.630360543715025,0.125531293013883
2.53,-0.433922887836841,-0.63044116400139,0.125761938328319
2.54,-0.432446429149372,-0.630520553331005,0.12599303318503
2.55,-0.430969342486491,-0.63059874330074,0.12622457850967
2.56,-0.429491623032451,-0.630675763199454,0.126456575198808
2.57,-0.428013268781457,-0.630751639609159,0.126689024121506
2.58,-0.426534280017312,-0.630826396667471,0.126921926121285
2.59,-0.425054658443966,-0.63090005650755,0.127155282013662
2.6,-0.423574406670412,-0.630972639514232,0.1273890925931
2.61,-0.42209352746681,-0.631044164684777,0.127623358635576
2.62,-0.420612023301045,-0.631114649893091,0.127858080892949
2.63,-0.419129895310102,-0.631184112382252,0.128093260099822
2.64,-0.417647142167344,-0.631252569296753,0.128328896979499
2.65,-0.416163760174559,-0.631320037684953,0.12856499223862
2.66,-0.414679743313625,-0.631386534513602,0.128801546563377
2.67,-0.413195081682245,-0.631452077398148,0.129038560629639
2.68,-0.411709761464092,-0.631516684631988,0.129276035102603
2.69,-0.410223765914555,-0.631580374791731,0.129513970627038
2.7,-0.408737074662008,-0.631643167070422,0.129752367832597
2.71,-0.40724966359121,-0.631705081343802,0.12999122733766
2.72,-0.405761505546743,-0.63176613788633,0.13023054974283
2.73,-0.404272570494254,-0.631826357331664,0.130470335628048
2.74,-0.402782825795759,-0.631885760549948,0.130710585559568
2.75,-0.40129223657306,-0.631944368492389,0.130951300089496
2.76,-0.399800765961349,-0.632002202147976,0.131192479744826
2.77,-0.398308375412021,-0.632059282414055,0.131434125031578
2.78,-0.396815025481165,-0.632115629720596,0.131676236441092
2.79,-0.395320675904821,-0.632171263999144,0.131918814449969
2.8,-0.393825285756534,-0.632226204702612,0.132161859510947
2.81,-0.392328812971139,-0.632280471078751,0.132405372047573
2.82,-0.390831215558446,-0.632334081560972,0.132649352467141
2.83,-0.389332451783884,-0.632387053683004,0.132893801161828
2.84,-0.387832480109537,-0.632439404116164,0.133138718508238
2.85,-0.386331258447718,-0.632491149162706,0.133384104856448
2.86,-0.384828744648924,-0.632542304514381,0.133629960530597
2.87,-0.383324896764104,-0.632592885100165,0.133876285840396
2.88,-0.381819672986047,-0.632642905122523,0.134123081081604
2.89,-0.380313031417515,-0.632692378191383,0.134370346535813
2.9,-0.378804930003746,-0.632741317489681,0.134618082455177
2.91,-0.377295326762225,-0.632789735631196,0.134866289071028
2.92,-0.375784179487288,-0.632837644765487,0.135114966604517
2.93,-0.374271445748132,-0.632885056578799,0.135364115266646
2.94,-0.372757082876176,-0.632931982324077,0.13561373525699
2.95,-0.371241048085553,-0.632978432946749,0.13586382674826
2.96,-0.369723298583615,-0.633024418963835,0.136114389892608
2.97,-0.368203791319188,-0.633069950553658,0.136365424833797
2.98,-0.366682482965194,-0.633115037569127,0.136616931707438
2.99,-0.365159330020144,-0.633159689523557,0.136868910637404
3,-0.363634289192176,-0.633203915542105,0.137121361725503
3.01,-0.362107317942798,-0.633247723033257,0.137374168785509
3.02,-0.360578386574388,-0.633291103067347,0.137627214251253
3.03,-0.359047489341449,-0.633334016921375,0.137880498015288
3.04,-0.357514644454983,-0.633376395820051,0.138134019797387
3.05,-0.355979890548913,-0.633418145376241,0.138387779175498
3.06,-0.354443283212663,-0.633459150003854,0.138641775635015
3.07,-0.352904891769286,-0.633499276973358,0.13889600860019
3.08,-0.351364794802022,-0.633538382053576,0.139150477480009
3.09,-0.349823074891099,-0.633576316157175,0.139405181721648
3.1,-0.348279817450326,-0.633612926806563,0.139660120805321
3.11,-0.346735104962692,-0.633648065409599,0.139915294284601
3.12,-0.345189014268803,-0.633681590682789,0.140170701793581
3.13,-0.343641616255088,-0.633713369080464,0.140426343032785
3.14,-0.342092971742419,-0.633743279975104,0.140682217776511
3.15,-0.340543132213172,-0.63377121478713,0.140938325858165
3.16,-0.338992138505637,-0.633797078647455,0.141194667159622
3.17,-0.337440020942099,-0.633820790261818,0.141451241601498
3.18,-0.335886800342483,-0.63384228068925,0.141708049131998
3.19,-0.334332488341613,-0.633861492926453,0.141965089717412
3.2,-0.332777088771013,-0.633878380246957,0.14222236333677
3.21,-0.331220599057131,-0.633892904449118,0.142479869974715
3.22,-0.329663011741249,-0.633905033911372,0.142737609617264
3.23,-0.328104315360682,-0.633914742590122,0.142995582249658
3.24,-0.326544496072812,-0.633922007955614,0.143253787853137
3.25,-0.324983539579597,-0.633926808528818,0.143512226403434
3.26,-0.32342143087742,-0.633929124295726,0.143770897869732
3.27,-0.32185815563852,-0.633928934945684,0.144029802213609
3.28,-0.320293701704501,-0.63392621794605,0.144288939389314
3.29,-0.318728058254796,-0.633920949676795,0.14454830934315
3.3,-0.317161216529212,-0.633913104499863,0.144807912013891
3.31,-0.315593170407895,-0.633902653993809,0.145067747334783
3.32,-0.314023915592195,-0.633889568062045,0.145327815232409
3.33,-0.312453449682988,-0.633873814816188,0.145588115628358
3.34,-0.310881772055216,-0.633855360697564,0.145848648442408
3.35,-0.309308883245578,-0.633834171329282,0.146109413590456
3.36,-0.307734784764125,-0.633810211773403,0.146370410984501
3.37,-0.306159478368761,-0.633783447371739,0.146631640537513
3.38,-0.304582965663209,-0.633753844257782,0.14689310216339
3.39,-0.30300524837542,-0.633721369186895,0.147154795770968
3.4,-0.301426327959206,-0.633685989981988,0.147416721266492
3.41,-0.299846204399566,-0.633647676926166,0.147678878557465
3.42,-0.298264876206784,-0.633606402771079,0.147941267552619
3.43,-0.296682341042835,-0.633562142109441,0.148203888156768
3.44,-0.295098595802047,-0.633514871339293,0.148466740268606
3.45,-0.293513635865493,-0.633464569426442,0.148729823785805
3.46,-0.291927455172705,-0.63341121782022,0.148993138604712
3.47,-0.290340046775055,-0.633354799858951,0.14925668461738
3.48,-0.288751402815799,-0.633295300851186,0.149520461709751
3.49,-0.287161514591768,-0.63323270783566,0.149784469765885
3.5,-0.285570372666729,-0.633167009414448,0.150048708668532
3.51,-0.283977967265951,-0.633098195363736,0.150313178296462
3.52,-0.282384288012756,-0.633026257178713,0.150577878519528
3.53,-0.280789324489343,-0.632951187015436,0.150842809206581
3.54,-0.279193066351244,-0.632872977500019,0.15110797022651
3.55,-0.27759550333958,-0.63279162173135,0.151373361447935
3.56,-0.275996625299282,-0.632707113573546,0.151638982732832
3.57,-0.274396422147458,-0.632619447603562,0.151904833937545
3.58,-0.27279488420058,-0.632528618447091,0.152170914918955
3.59,-0.271192002215955,-0.632434620726161,0.152437225534664
3.6,-0.269587767228451,-0.632337449375095,0.152703765640634
3.61,-0.267982170460186,-0.632237099945756,0.152970535086162
3.62,-0.266375203486725,-0.63213356813081,0.153237533720173
3.63,-0.264766858190698,-0.632026849771177,0.153504761392747
3.64,-0.263157126696855,-0.63191694096383,0.153772217954535
3.65,-0.261546001308762,-0.631803838402697,0.154039903250392
3.66,-0.259933474575549,-0.631687539149398,0.154307817122488
3.67,-0.258319539129928,-0.631568040657772,0.15457595941465
3.68,-0.256704187683089,-0.631445340778096,0.15484432997242
3.69,-0.255087412980235,-0.631319437872803,0.155112928641631
3.7,-0.25346920802753,-0.631190330938195,0.15538175525949
3.71,-0.251849565923435,-0.631058019446597,0.155650809662299
3.72,-0.250228479729944,-0.630922503343125,0.155920091688909
3.73,-0.248605942472591,-0.630783783045688,0.156189601180711
3.74,-0.246981947190842,-0.630641859456203,0.156459337980107
3.75,-0.245356487227523,-0.630496734000715,0.156729301922049
3.76,-0.243729556554961,-0.630348405848848,0.15699943128789
3.77,-0.242101157379363,-0.630196845019001,0.157269664006788
3.78,-0.240471307309545,-0.63004196689021,0.157539999748883
3.79,-0.238840038912714,-0.629883633331905,0.157810438091292
3.8,-0.237207397920193,-0.629721658967623,0.158080978555698
3.81,-0.235573440750613,-0.629555820195806,0.158351620676674
3.82,-0.233938232318156,-0.62938586301769,0.158622364047842
3.83,-0.232301843164968,-0.629211513383333,0.158893208373738
3.84,-0.23066434658757,-0.629032487920716,0.159164153514196
3.85,-0.229025817149153,-0.628848499059099,0.159435199480077
3.86,-0.227386327200173,-0.628659268242152,0.159706346447842
3.87,-0.225745946292969,-0.628464527974501,0.159977594733818
3.88,-0.224104739022452,-0.628264030053936,0.160248944763285
3.89,-0.222462764398328,-0.628057548054834,0.160520397041301
3.9,-0.220820075071292,-0.627844880397929,0.160791952110679
3.91,-0.219176717112043,-0.627625851348554,0.161063610523089
3.92,-0.217532730209802,-0.627400310496104,0.161335372811514
3.93,-0.215888147818979,-0.627168132220144,0.161607239467928
3.94,-0.214242997968246,-0.62692921302304,0.16187921093907
3.95,-0.21259730385267,-0.626683468894175,0.16215128761426
3.96,-0.210951084553415,-0.626430833181304,0.16242346983287
3.97,-0.20930435602683,-0.626171252642691,0.16269575788971
3.98,-0.20765713207903,-0.625904682959519,0.162968152043873
3.99,-0.206009424849137,-0.62563108763078,0.163240652528899
4,-0.204361245448326,-0.625350435367623,0.163513259560436
4.01,-0.202712605119875,-0.6250626946348,0.16378597335609
4.02,-0.201063515145289,-0.624767834520451,0.164058794134172
4.03,-0.199413987246698,-0.624465822902606,0.164331722121739
4.04,-0.197764034144437,-0.624156623704615,0.164604757566997
4.05,-0.196113669273585,-0.623840198262426,0.164877900734258
4.06,-0.194462907012015,-0.623516503973988,0.165151151911551
4.07,-0.192811762593656,-0.623185494564048,0.165424511410662
4.08,-0.191160251851915,-0.622847121196412,0.165697979562289
4.09,-0.18950839110814,-0.622501332589998,0.165971556717976
4.1,-0.187856196925705,-0.622148076128491,0.166245243244786
4.11,-0.186203685985243,-0.621787298497286,0.166519039521461
4.12,-0.184550874653442,-0.621418947265253,0.166792945932179
4.13,-0.182897778840337,-0.621042971541748,0.167066962862694
4.14,-0.181244413994933,-0.620659322352624,0.167341090695898
4.15,-0.179590794834925,-0.620267953707771,0.167615329805962
4.16,-0.177936935036461,-0.619868823928921,0.167889680549965
4.17,-0.176282847402328,-0.619461895165596,0.168164143268762
4.18,-0.174628543923453,-0.619047133409855,0.168438718285468
4.19,-0.172974035484261,-0.618624509625138,0.168713405896977
4.2,-0.171319331919196,-0.618193999531694,0.168988206374436
4.21,-0.169664442322349,-0.61775558276057,0.169263119966866
4.22,-0.168009374941612,-0.6173092431592,0.169538146897908
4.23,-0.166354137175633,-0.616854968522629,0.169813287366596
4.24,-0.164698735759876,-0.616392749866117,0.17008854155148
4.25,-0.163043176913795,-0.615922581797867,0.170363909606966
4.26,-0.161387466357731,-0.615444461341623,0.170639391670357
4.27,-0.15973160934833,-0.614958387420866,0.170914987865097
4.28,-0.15807561073744,-0.614464360744743,0.171190698301379
4.29,-0.156419475185906,-0.61396238397672,0.171466523073793
4.3,-0.154763207074158,-0.613452461267879,0.171742462264436
4.31,-0.153106810574051,-0.612934597158806,0.172018515950586
4.32,-0.151450289659173,-0.612408796664765,0.172294684204038
4.33,-0.149793648145955,-0.611875066101805,0.172570967084564
4.34,-0.148136889687223,-0.611333412375164,0.172847364644921
4.35,-0.146480017754808,-0.610783842520205,0.173123876934485
4.36,-0.144823035637496,-0.610226363952938,0.173400503997364
4.37,-0.143165946478776,-0.609660985015407,0.173677245867714
4.38,-0.141508753225446,-0.60908771449718,0.173954102573673
4.39,-0.139851458588386,-0.608506561583003,0.174231074138102
4.4,-0.138194065054649,-0.607917536118425,0.174508160576461
4.41,-0.136536574969035,-0.607320648920969,0.17478536189353
4.42,-0.134878990443946,-0.606715911518189,0.175062678086162
4.43,-0.133221313320305,-0.606103336170775,0.175340109143496
4.44,-0.1315635451818,-0.605482935921625,0.175617655046524
4.45,-0.129905687488454,-0.604854724909903,0.175895315764456
4.46,-0.128247741532554,-0.604218718193557,0.176173091256374
4.47,-0.126589708364132,-0.603574931603133,0.176450981473277
4.48,-0.124931588790138,-0.602923381741363,0.17672898635811
4.49,-0.123273383460166,-0.602264086063398,0.177007105844411
4.5,-0.121615092960484,-0.60159706288196,0.177285339808077
4.51,-0.119956718451537,-0.60092233087656,0.177563660427241
4.52,-0.118298269392487,-0.600239908715803,0.177842042934573
4.53,-0.11663977028121,-0.599549814612594,0.178120487265205
4.54,-0.114981260201668,-0.598852066044996,0.178398993278321
4.55,-0.113322790784126,-0.598146679750959,0.178677560820088
4.56,-0.111664424289584,-0.597433671905669,0.178956189729864
4.57,-0.110006231248069,-0.596713058031318,0.179234879843884
4.58,-0.108348287349392,-0.595984853246301,0.179513631002667
4.59,-0.106690670298595,-0.595249072575577,0.179792443055878
4.6,-0.105033459239034,-0.594505730800745,0.180071315860862
4.61,-0.103376731550978,-0.593754842834418,0.180350249285085
4.62,-0.10172055953252,-0.592996424067703,0.180629243206173
4.63,-0.100065011642959,-0.592230490226499,0.180908297508635
4.64,-0.0984101503173051,-0.591457057695328,0.181187412081374
4.65,-0.0967560303032487,-0.590676143656976,0.181466586815016
4.66,-0.0951027002176104,-0.589887766105453,0.1817458215998
4.67,-0.093450201566977,-0.58909194394425,0.18202511632242
4.68,-0.0917985688189819,-0.588288696898605,0.182304470864885
4.69,-0.0901478308571985,-0.58747804565379,0.182583885103156
4.7,-0.0884980112381341,-0.586660011633061,0.182863358906842
4.71,-0.0868491290402447,-0.585834616736134,0.183142892140315
4.72,-0.0852011996384533,-0.585001883671275,0.183422484660848
4.73,-0.0835542357116655,-0.584161835541314,0.183702136320835
4.74,-0.0819082485312481,-0.583314495290826,0.183981846971383
4.75,-0.0802632481859167,-0.582459885984564,0.184261616460824
4.76,-0.0786192437437598,-0.581598030941035,0.184541444633898
4.77,-0.0769762449163171,-0.580728952844946,0.184821331337959
4.78,-0.0753342621936919,-0.579852673756834,0.185101276423066
4.79,-0.0736933061779404,-0.578969215603029,0.185381279738786
4.8,-0.0720533885012811,-0.578078599560162,0.18566134113864
4.81,-0.0704145220928311,-0.57718084584035,0.185941460481783
4.82,-0.0687767204643552,-0.576275974116484,0.186221637630103
4.83,-0.0671399977614125,-0.575364003416672,0.18650187244908
4.84,-0.0655043687746211,-0.574444951823948,0.186782164810049
4.85,-0.0638698485716416,-0.57351883664753,0.187062514588956
4.86,-0.0622364522603238,-0.572585674798094,0.187342921663815
4.87,-0.0606041947197694,-0.571645482550954,0.187623385916307
4.88,-0.0589730902215835,-0.5706982755243,0.187903907231832
4.89,-0.0573431522029883,-0.569744068830909,0.18818448549829
4.9,-0.0557143936416291,-0.568782877459374,0.188465120603762
4.91,-0.0540868266205422,-0.567814716099553,0.18874581243743
4.92,-0.0524604617327869,-0.56683959912442,0.189026560889263
4.93,-0.0508353080850944,-0.56585754059085,0.189307365850013
4.94,-0.0492113738184572,-0.564868554430347,0.189588227210182
4.95,-0.0475886662364577,-0.563872654693071,0.189869144858438
4.96,-0.0459671913397113,-0.56286985522982,0.190150118683411
4.97,-0.0443469539124262,-0.561860169649056,0.190431148574007
4.98,-0.0427279577720683,-0.560843611327955,0.190712234419512
4.99,-0.0411102059891647,-0.559820193813608,0.190993376107018
5,-0.0394937007982688,-0.558789930470464,0.191274573523749
5.01,-0.0378784438042517,-0.557752834206858,0.191555826559068
5.02,-0.0362644360237298,-0.556708917497223,0.191837135104364
5.03,-0.0346516780499284,-0.555658192793417,0.192118499050415
5.04,-0.03304016997685,-0.554600672382184,0.192399918288312
5.05,-0.0314299116786339,-0.55353636792488,0.192681392712827
5.06,-0.0298209028385331,-0.552465290456001,0.19296292222246
5.07,-0.0282131428560363,-0.551387450783058,0.193244506716695
5.08,-0.0266066308498391,-0.550302859483474,0.193526146096033
5.09,-0.0250013658388426,-0.549211526453704,0.193807840265256
5.1,-0.0233973467512105,-0.548113460896277,0.194089589133526
5.11,-0.0217945722967937,-0.547008671680917,0.194371392611887
5.12,-0.0201930409516628,-0.545897167457259,0.194653250612486
5.13,-0.0185927510379185,-0.544778956254273,0.194935163051432
5.14,-0.0169937007201336,-0.543654045457983,0.195217129848958
5.15,-0.0153958879421678,-0.542522442055056,0.195499150927751
5.16,-0.0137993103866563,-0.541384152921098,0.195781226210957
5.17,-0.0122039655124655,-0.540239184443297,0.196063355624846
5.18,-0.0106098505453965,-0.539087542475378,0.196345539099146
5.19,-0.00901696247847013,-0.537929232418941,0.196627776566505
5.2,-0.00742529804607842,-0.53676425963886,0.196910067959638
5.21,-0.00583485373734384,-0.535592629199646,0.197192413213167
5.22,-0.00424562582320036,-0.534414345709977,0.197474812264775
5.23,-0.00265761035757095,-0.53322941334321,0.197757265055068
5.24,-0.00107080319126223,-0.532037836163845,0.198039771525352
5.25,0.000514800011697122,-0.53083961797052,0.198322331618796
5.26,0.00209920267498215,-0.529634764654601,0.198604946269847
5.27,0.0036823956875939,-0.528423310074398,0.198887616085367
5.28,0.00526434641745916,-0.527205339779792,0.199170340135516
5.29,0.00684499932107253,-0.525980990053225,0.199453116969393
5.3,0.00842427821109053,-0.524750441125801,0.19973594470588
5.31,0.010002090289204,-0.523513908949821,0.200018821171331
5.32,0.0115783285644054,-0.52227163823348,0.200301743990888
5.33,0.0131528774077864,-0.521023890985811,0.20058471075288
5.34,0.0147256162623601,-0.51977093849558,0.200867719103997
5.35,0.0162964224312047,-0.518513054607024,0.201150766808413
5.36,0.0178651768048122,-0.517250504847585,0.201433851852533
5.37,0.0194317648435111,-0.515983544098814,0.201716972438893
5.38,0.0209960808707248,-0.514712408465526,0.202000127026513
5.39,0.0225580287596051,-0.513437314272399,0.202283314311649
5.4,0.0241175241719417,-0.512158453950485,0.202566533219487
5.41,0.0256744945169947,-0.510875996690174,0.202849782877568
5.42,0.027228879456226,-0.50959008764169,0.2031330625883
5.43,0.0287806302809802,-0.508300849607257,0.203416371804618
5.44,0.0303297089651008,-0.507008385028964,0.203699710100338
5.45,0.0318760869191182,-0.505712778251222,0.203983077147009
5.46,0.0334197441261492,-0.504414097984145,0.204266472700318
5.47,0.0349606663563273,-0.503112401457762,0.204549896568953
5.48,0.0364988441286474,-0.501807736656386,0.204833348606538
5.49,0.0380342724166228,-0.500500143540943,0.205116828707274
5.5,0.0395669467385159,-0.499189659690936,0.205400336778062
5.51,0.0410968628079266,-0.497876321114749,0.205683872736601
5.52,0.0426240168114175,-0.496560162296248,0.205967436513542
5.53,0.0441484027161242,-0.495241219898756,0.206251028036674
5.54,0.0456700124750149,-0.493919532573415,0.20653464723298
5.55,0.0471888359095385,-0.49259514108427,0.206818294029124
5.56,0.0487048598164151,-0.491268089453102,0.207101968348532
5.57,0.050218068766562,-0.489938423805288,0.207385670116046
5.58,0.0517284450364304,-0.488606192278903,0.207669399259699
5.59,0.0532359688703384,-0.487271444496491,0.207953155713695
5.6,0.0547406191298489,-0.485934230742534,0.208236939420548
5.61,0.0562423738095789,-0.484594601004335,0.208520750335114
5.62,0.0577412106249847,-0.483252603968545,0.208804588428208
5.63,0.0592371074693738,-0.481908286595645,0.20908845368597
5.64,0.0607300425290809,-0.480561694031049,0.209372346109849
5.65,0.0622199956017638,-0.479212867474151,0.209656265720925
5.66,0.0637069482031448,-0.477861844076368,0.209940212559485
5.67,0.0651908832399709,-0.476508657844235,0.210224186680373
5.68,0.066671785642451,-0.47515333863202,0.210508188154302
5.69,0.068149642784533,-0.473795911502428,0.210792217067366
5.7,0.0696244440944586,-0.472436397517046,0.211076273518531
5.71,0.0710961810430477,-0.471074813944204,0.21136035761785
5.72,0.0725648472295176,-0.469711174011257,0.211644469485299
5.73,0.0740304381436338,-0.468345487314497,0.21192860924964
5.74,0.0754929510129818,-0.466977760382042,0.212212777046472
5.75,0.0769523845329823,-0.465607996883985,0.212496973017032
5.76,0.0784087385393086,-0.464236198001386,0.21278119730737
5.77,0.0798620139097156,-0.462862362791276,0.213065450067296
5.78,0.0813122126313851,-0.461486488275449,0.213349731449399
5.79,0.0827593370661423,-0.46010857012961,0.213634041608315
5.8,0.084203389816127,-0.458728602855235,0.213918380700472
5.81,0.0856443740454313,-0.457346579676318,0.214202748883303
5.82,0.0870822932669667,-0.455962492760937,0.214487146314822
5.83,0.0885171508050554,-0.454576333663135,0.214771573153606
5.84,0.0899489498610963,-0.453188093276887,0.215056029558718
5.85,0.0913776940018111,-0.451797761574159,0.215340515688913
5.86,0.092803386826292,-0.450405327849944,0.215625031702667
5.87,0.0942260317774701,-0.449010780754649,0.21590957775863
5.88,0.0956456322293189,-0.447614108217906,0.216194154015593
5.89,0.0970621919172109,-0.446215297321345,0.216478760631384
5.9,0.0984757147318088,-0.444814334452081,0.216763397762878
5.91,0.0998862046981081,-0.443411205055122,0.217048065566921
5.92,0.101293665985837,-0.442005893617044,0.217332764200355
5.93,0.102698103132146,-0.440598383678169,0.217617493819185
5.94,0.104099521089759,-0.439188658091095,0.217902254577242
5.95,0.10549792512472,-0.437776698748491,0.218187046627576
5.96,0.106893320867113,-0.436362486478839,0.218471870122701
5.97,0.108285714316753,-0.434946001093934,0.21875672521438
5.98,0.109675111889006,-0.433527221789436,0.219041612051834
5.99,0.11106152036448,-0.432106126928556,0.219326530782787
6,0.112444946872211,-0.430682694095109,0.219611481553118
6.01,0.113825396763294,-0.429256901316997,0.219896461394728
6.02,0.115202851461949,-0.427828739086689,0.220181467368741
6.03,0.116577247571424,-0.426398221687612,0.220466499449339
6.04,0.117948477673059,-0.424965386792033,0.220751557476174
6.05,0.119316396440661,-0.42353029200881,0.22103664119951
6.06,0.120680826748493,-0.422093011689392,0.221321750332569
6.07,0.122041565948591,-0.420653633279668,0.221606884589478
6.08,0.123398397021762,-0.419212251713417,0.221892043769403
6.09,0.124751092462562,-0.41776896702598,0.222177227755994
6.1,0.126099423264776,-0.416323879709194,0.222462436552038
6.11,0.127443167304055,-0.414877086418794,0.222747670295426
6.12,0.128782110730308,-0.413428679173966,0.2230329292355
6.13,0.130116056223706,-0.411978741184274,0.22331821372384
6.14,0.13144482354127,-0.410527346634496,0.223603524191578
6.15,0.132768253320678,-0.409074558780468,0.22388886111863
6.16,0.134086206825239,-0.407620430187487,0.224174225015056
6.17,0.135398566397987,-0.406165002555158,0.224459616394874
6.18,0.136705234455428,-0.404708307305375,0.224745035762905
6.19,0.13800613151228,-0.403250366686505,0.225030483604547
6.2,0.139301194086945,-0.40179119477761,0.225315960376493
6.21,0.140590373023148,-0.400330798561097,0.225601466509705
6.22,0.141873629431389,-0.39886917983851,0.225887002408889
6.23,0.143150932113321,-0.397406336482363,0.226172568456225
6.24,0.144422256940857,-0.395942262999561,0.226458165015719
6.25,0.145687582661238,-0.394476952440509,0.226743792439875
6.26,0.146946887952751,-0.393010397791124,0.227029451076992
6.27,0.148200152631923,-0.39154259155826,0.227315141269886
6.28,0.149447354611043,-0.390073527148605,0.227600863363408
6.29,0.150688468672736,-0.388603199444864,0.227886617708382
6.3,0.151923467444393,-0.387131604396234,0.228172404659697
6.31,0.153152319895112,-0.385658739674205,0.228458224581595
6.32,0.154374992058407,-0.384184604355004,0.228744077846251
6.33,0.155591447654843,-0.382709198642428,0.229029964832627
6.34,0.156801648201819,-0.381232523760049,0.229315885927532
6.35,0.158005554016995,-0.379754581532528,0.229601841522401
6.36,0.159203124798469,-0.378275374143359,0.229887832011573
6.37,0.160394320828227,-0.376794903495173,0.230173857789116
6.38,0.161579103535109,-0.375313170989599,0.230459919246121
6.39,0.16275743568504,-0.373830177548989,0.230746016769292
6.4,0.16392928270618,-0.372345922919814,0.231032150735461
6.41,0.165094613384237,-0.370860405341285,0.231318321508216
6.42,0.166253399358576,-0.369373621901771,0.231604529438699
6.43,0.167405615559517,-0.3678855683425,0.231890774862983
6.44,0.168551241006657,-0.366396238628487,0.232177058097252
6.45,0.169690258373537,-0.364905625201557,0.232463379439127
6.46,0.170822653543109,-0.363413719306247,0.232749739168844
6.47,0.171948415822508,-0.36192051080012,0.233036137547003
6.48,0.173067537695795,-0.360425988245307,0.233322574815151
6.49,0.174180014291987,-0.358930139270919,0.233609051197886
6.5,0.175285843535795,-0.357432950579454,0.233895566901603
6.51,0.176385025140875,-0.35593440823581,0.234182122118482
6.52,0.177477560464409,-0.354434497721016,0.234468717027103
6.53,0.178563452271341,-0.352933204171286,0.234755351793409
6.54,0.179642705189143,-0.351430512306831,0.235042026568222
6.55,0.18071532447667,-0.349926406758389,0.23532874149304
6.56,0.181781315659211,-0.34842087220145,0.235615496701768
6.57,0.182840684816882,-0.346913893308299,0.235902292319307
6.58,0.183893439142631,-0.345405454678321,0.236189128458752
6.59,0.184939586011431,-0.343895541045491,0.236476005226028
6.6,0.18597913282873,-0.342384137313452,0.236762922720693
6.61,0.187012087393094,-0.340871228472013,0.237049881034194
6.62,0.18803845817026,-0.339356799595754,0.237336880248491
6.63,0.189058253877412,-0.337840835858436,0.237623920438336
6.64,0.190071483480336,-0.336323322502296,0.237911001671373
6.65,0.191078156504297,-0.334804244789058,0.238198124006612
6.66,0.192078283184239,-0.333283588088858,0.238485287493553
6.67,0.193071874269507,-0.331761337756367,0.23877249217353
6.68,0.194058941045821,-0.330237479079834,0.239059738079702
6.69,0.195039495387307,-0.32871199727747,0.239347025236839
6.7,0.196013550044645,-0.327184877662608,0.239634353659544
6.71,0.196981118466681,-0.325656105603056,0.239921723353347
6.72,0.197942214678666,-0.324125666367788,0.240209134315818
6.73,0.19889685328208,-0.322593545124734,0.240496586536577
6.74,0.199845049495129,-0.32105972701164,0.24078407999697
6.75,0.200786819245909,-0.31952419738653,0.241071614678175
6.76,0.201722178993736,-0.317986942143602,0.241359201121258
6.77,0.202651145529304,-0.316447953029356,0.241646848456579
6.78,0.203573735788462,-0.314907232163717,0.241934556591199
6.79,0.204489966850856,-0.313364791562119,0.242222325404637
6.8,0.205399855849013,-0.311820652560791,0.242510154745877
6.81,0.206303420043735,-0.310274843674979,0.242798044439755
6.82,0.207200676734531,-0.308727399033948,0.243085994294465
6.83,0.208091643223425,-0.307178356428562,0.243374004109152
6.84,0.208976336902358,-0.305627756437533,0.243662073675266
6.85,0.209854775188218,-0.304075639897947,0.243950202785609
6.86,0.210726975506579,-0.30252204604416,0.244238391239722
6.87,0.211592955380652,-0.300967012963846,0.244526638840794
6.88,0.212452732378498,-0.299410575292803,0.244814945401782
6.89,0.21330632409475,-0.297852763121545,0.245103310747464
6.9,0.214153748233178,-0.296293603120519,0.245391734710145
6.91,0.214995022543828,-0.294733117232175,0.245680217132214
6.92,0.215830164795776,-0.293171322592437,0.245968757865747
6.93,0.216659192860739,-0.291608232556825,0.246257356769242
6.94,0.217482124613477,-0.290043856557906,0.246546013707823
6.95,0.218298977875351,-0.288478200574766,0.246834728552295
6.96,0.219109770546157,-0.286911267840916,0.247123501176714
6.97,0.219914520499131,-0.285343059371704,0.2474123314577
6.98,0.220713245430159,-0.283773574852251,0.247701219273492
6.99,0.221505962875252,-0.282202813256724,0.247990164502639
7,0.222292690511385,-0.280630772140611,0.248279167023435
7.01,0.223073445819367,-0.279057449182521,0.248568226713063
7.02,0.223848245932973,-0.277482843112506,0.248857343446762
7.03,0.224617107680113,-0.275906953587137,0.249146517097853
7.04,0.22538004791538,-0.274329780256181,0.249435747537624
7.05,0.226137083276665,-0.272751323630103,0.249725034635186
7.06,0.226888230026527,-0.271171585544994,0.250014378257841
7.07,0.227633504100404,-0.26959056888053,0.250303778271417
7.08,0.228372921329748,-0.268008276977454,0.250593234539962
7.09,0.229106497257626,-0.26642471394217,0.250882746926577
7.1,0.229834247025995,-0.264839884480307,0.25117231529473
7.11,0.230556185418341,-0.263253793611612,0.251461939508558
7.12,0.231272327152084,-0.261666446558851,0.251751619431064
7.13,0.231982686667072,-0.260077848661497,0.252041354925895
7.14,0.23268727797435,-0.258488004892514,0.25233114585945
7.15,0.23338611466312,-0.256896919840407,0.252620992100871
7.16,0.234079210163452,-0.255304597739669,0.252910893520142
7.17,0.234766577817342,-0.253711042692365,0.253200849987224
7.18,0.235448230560095,-0.252116258086682,0.253490861375414
7.19,0.236124180898939,-0.250520246504791,0.253780927561678
7.2,0.23679444097192,-0.248923009865678,0.254071048425992
7.21,0.237459022879128,-0.247324549920842,0.25436122384815
7.22,0.238117938440219,-0.245724867850086,0.254651453710196
7.23,0.238771199049544,-0.244123964302346,0.254941737897426
7.24,0.239418815679544,-0.242521839430038,0.255232076298316
7.25,0.240060799086722,-0.240918493202129,0.25552246880258
7.26,0.240697159927729,-0.239313925282786,0.255812915300553
7.27,0.241327908433696,-0.237708135172918,0.256103415685316
7.28,0.241953054378662,-0.236101122271066,0.256393969852833
7.29,0.242572607133529,-0.234492885912439,0.256684577701541
7.3,0.243186576015848,-0.232883425408453,0.256975239129905
7.31,0.243794970061888,-0.231272740040003,0.25726595403801
7.32,0.244397797845968,-0.229660829210809,0.257556722328671
7.33,0.24499506748106,-0.228047692451616,0.257847543907427
7.34,0.245586786809496,-0.226433329343716,0.258138418681417
7.35,0.24617296360039,-0.224817739517755,0.258429346557978
7.36,0.246753605211584,-0.223200922717018,0.258720327446993
7.37,0.247328718544851,-0.221582878787562,0.259011361261269
7.38,0.24789831007897,-0.219963607655883,0.259302447916361
7.39,0.248462386200272,-0.218343109270823,0.259593587328412
7.4,0.249020953068759,-0.216721383667563,0.259884779414965
7.41,0.249574016406083,-0.215098430878725,0.260176024096693
7.42,0.250121581493033,-0.213474250926534,0.26046732129744
7.43,0.250663653314195,-0.211848843821707,0.260758670943258
7.44,0.251200236820233,-0.2102222096307,0.261050072960441
7.45,0.251731336604569,-0.208594348390426,0.261341527277976
7.46,0.252256956837834,-0.206965260067377,0.261633033828127
7.47,0.252777101303767,-0.205334944568963,0.261924592546162
7.48,0.253291773697194,-0.203703401836789,0.262216203368143
7.49,0.253800977406241,-0.202070631779399,0.26250786623259
7.5,0.254304715518579,-0.200436634277752,0.262799581080458
7.51,0.254802993008031,-0.198801409626911,0.26309138083864
7.52,0.255295838268554,-0.197164962748785,0.263383298691087
7.53,0.255783323854092,-0.195527307252108,0.263675333944043
7.54,0.256265565180956,-0.193888465202385,0.263967485526082
7.55,0.25674271575469,-0.192248466194753,0.264259752049994
7.56,0.257214960397796,-0.190607346061682,0.264552131891443
7.57,0.257682507052829,-0.188965145258141,0.264844623296652
7.58,0.258145581160236,-0.18732190779407,0.265137224435779
7.59,0.258604414876274,-0.185677679105748,0.265429933521044
7.6,0.259059242882937,-0.184032505247133,0.265722748836517
7.61,0.259510294401284,-0.182386431315166,0.266015668798262
7.62,0.259957787303718,-0.180739500286134,0.266308691989681
7.63,0.260401925845976,-0.179091752564383,0.266601817158752
7.64,0.260842895013884,-0.177443224859119,0.266895043237387
7.65,0.261280860918795,-0.175793950251365,0.267188369322192
7.66,0.26171596792913,-0.174143957621684,0.267481794668787
7.67,0.262148340326075,-0.172493271964322,0.267775318671853
7.68,0.262578082388311,-0.170841914400619,0.268068940846579
7.69,0.263005280243171,-0.169189902536957,0.268362660812722
7.7,0.263430004199743,-0.167537250920494,0.268656478275347
7.71,0.263852311616525,-0.165883971616411,0.268950393003411
7.72,0.264272247657477,-0.164230074336616,0.269244404828762
7.73,0.264689849331065,-0.162575567252014,0.269538513623165
7.74,0.265105149377851,-0.160920457781876,0.269832719277351
7.75,0.265518176687249,-0.159264752664519,0.270127021702495
7.76,0.265928957109673,-0.157608458110106,0.270421420827708
7.77,0.266337517793451,-0.155951580687743,0.270715916578982
7.78,0.266743887582158,-0.154294127401588,0.27101050887877
7.79,0.267148096179568,-0.152636105519027,0.271305197649753
7.8,0.267550176631543,-0.150977523076481,0.271599982805374
7.81,0.267950164692182,-0.149318388750264,0.271894864252872
7.82,0.268348098276324,-0.147658711745355,0.272189841895505
7.83,0.268744017804655,-0.145998501867695,0.272484915633111
7.84,0.269137965201297,-0.144337769319354,0.272780085365638
7.85,0.269529983367455,-0.142676524590063,0.27307535099473
7.86,0.269920115175664,-0.141014778255098,0.273370712429621
7.87,0.270308402831886,-0.13935254084364,0.273666169588801
7.88,0.270694887608318,-0.137689822779529,0.273961722399178
7.89,0.271079608520687,-0.136026634112518,0.274257370801677
7.9,0.27146260150085,-0.13436298434876,0.274553114753912
7.91,0.271843899869986,-0.132698882541002,0.274848954226451
7.92,0.272223533796116,-0.131034337175515,0.27514488920409
7.93,0.272601529201193,-0.129369355947205,0.275440919689058
7.94,0.272977908276307,-0.127703945860887,0.275737045698422
7.95,0.273352689943349,-0.126038113320453,0.276033267261078
7.96,0.273725889266392,-0.124371864005587,0.276329584419488
7.97,0.274097517677229,-0.122705202915359,0.276625997228722
7.98,0.274467583648153,-0.121038134500952,0.27692250575293
7.99,0.274836092727673,-0.119370662669442,0.277219110065067
8,0.275203047888945,-0.11770279085238,0.277515810246328
8.01,0.275568450032564,-0.11603452210648,0.277812606384509
8.02,0.2759322977386,-0.114365859057859,0.278109498572101
8.03,0.276294588013862,-0.112696804052421,0.278406486905591
8.04,0.276655316847032,-0.1110273592687,0.278703571484787
8.05,0.277014479227093,-0.109357526721505,0.279000752412758
8.06,0.277372069215856,-0.107687308271064,0.279298029793959
8.07,0.277728079530561,-0.106016705532449,0.27959540373348
8.08,0.278082502452163,-0.104345720063805,0.279892874337379
8.09,0.278435330033371,-0.102674353408894,0.280190441712511
8.1,0.278786554066696,-0.101002607090264,0.280488105966552
8.11,0.27913616539278,-0.0993304824591709,0.280785867207592
8.12,0.279484154227718,-0.0976579807602789,0.28108372554238
8.13,0.279830510364815,-0.095985103175625,0.281381681078372
8.14,0.280175223069123,-0.0943118508023858,0.281679733924168
8.15,0.280518280989738,-0.0926382246334478,0.281977884189512
8.16,0.280859671967746,-0.0909642255087251,0.282276131983112
8.17,0.281199383318962,-0.0892898541745569,0.282574477412644
8.18,0.281537401509326,-0.0876151112170735,0.282872920587444
8.19,0.28187371212805,-0.0859399970564872,0.283171461618612
8.2,0.282208299937531,-0.0842645119537481,0.283470100618212
8.21,0.282541149130929,-0.082588656055107,0.283768837695767
8.22,0.282872243153649,-0.0809124293584981,0.284067672960968
8.23,0.283201564595001,-0.0792358316901405,0.284366606525045
8.24,0.283529095193335,-0.0775588627054774,0.284665638500714
8.25,0.283854816142,-0.0758815219454666,0.284964769011748
8.26,0.284178709305314,-0.0742038094424027,0.285264054171958
8.27,0.284500768137577,-0.0725257316255079,0.285563546826944
8.28,0.284821008039096,-0.0708473068444452,0.2858632469437
8.29,0.285139465996842,-0.0691685651244796,0.286163154387796
8.3,0.285456197577936,-0.0674895465432103,0.28646326894028
8.31,0.285771273645909,-0.0658102994464136,0.286763590325344
8.32,0.286084777963573,-0.0641308791658792,0.287064118220027
8.33,0.286396801296804,-0.0624513448321253,0.287364852297867
8.34,0.286707438001444,-0.0607717575352373,0.287665792248165
8.35,0.287016784781093,-0.0590921796584125,0.287966937773071
8.36,0.287324934653096,-0.0574126716222242,0.288268288619709
8.37,0.287631974342481,-0.0557332904813681,0.288569844586892
8.38,0.287937984886274,-0.0540540902401223,0.288871605513039
8.39,0.288243037194343,-0.0523751194622727,0.289173571288744
8.4,0.288547192420385,-0.0506964214624148,0.289475741849362
8.41,0.288850501669462,-0.0490180341394764,0.289778117169254
8.42,0.289153005140086,-0.0473399895144967,0.290080697259328
8.43,0.28945473368531,-0.0456623145538219,0.290383482159003
8.44,0.289755709074048,-0.0439850313097166,0.290686471931676
8.45,0.290055945200221,-0.0423081575645928,0.290989666660154
8.46,0.290355449048467,-0.0406317073304619,0.291293066441682
8.47,0.290654222728673,-0.0389556919516176,0.291596671383209
8.48,0.290952264481617,-0.0372801206399766,0.291900481598962
8.49,0.291249569230395,-0.0356050007459264,0.292204497206845
8.5,0.29154613067325,-0.0339303388937798,0.29250871832534
8.51,0.291841942566469,-0.0322561416704566,0.292813145071515
8.52,0.292136998106723,-0.0305824152699923,0.293117777559841
8.53,0.292431291413441,-0.0289091662942232,0.293422615900286
8.54,0.292724818661133,-0.0272364023647347,0.293727660197595
8.55,0.293017577070417,-0.0255641315608248,0.29403291055122
8.56,0.293309565340156,-0.0238923626489283,0.294338367054742
8.57,0.293600784176876,-0.0222211053732299,0.294644029797328
8.58,0.293891235520443,-0.0205503700248208,0.294949898863675
8.59,0.2941809223332,-0.0188801673163373,0.295255974333073
8.6,0.294469848385065,-0.0172105082781011,0.295562256283372
8.61,0.294758017714881,-0.0155414039723655,0.295868744792734
8.62,0.29504543458852,-0.0138728654270409,0.296175439934405
8.63,0.295332103380006,-0.0122049035719311,0.296482341777713
8.64,0.295618027276081,-0.0105375285787762,0.296789450395217
8.65,0.295903208256704,-0.0088707498511969,0.297096765862797
8.66,0.29618764707857,-0.00720457599879558,0.297404288257985
8.67,0.296471343559611,-0.0055390149251814,0.297712017652499
8.68,0.296754296194131,-0.00387407367753236,0.298019954118776
8.69,0.297036501590298,-0.00220975815118973,0.298328097732229
8.7,0.297317954592611,-0.00054607315055474,0.298636448570563
8.71,0.297598649066483,0.00111697722691298,0.298945006708005
8.72,0.297878577495808,0.00277938979193457,0.299253772217419
8.73,0.298157731041772,0.00444116221157829,0.299562745173032
8.74,0.298436099725595,0.00610229291217634,0.299871925650037
8.75,0.298713672772038,0.00776278093517745,0.300181313719383
8.76,0.298990438529491,0.00942262597144861,0.300490909448824
8.77,0.299266384894543,0.0110818280961606,0.300800712906411
8.78,0.299541499340597,0.0127403877518086,0.301110724160595
8.79,0.299815769337913,0.0143983055163581,0.301420943279566
8.8,0.300089181568208,0.0160555826603162,0.301731370321286
8.81,0.300361722553227,0.0177122207117221,0.302042005340768
8.82,0.300633379105393,0.0193682211644414,0.30235284839333
8.83,0.300904138327818,0.0210235854781622,0.302663899534588
8.84,0.301173987614291,0.0226783150783976,0.302975158820461
8.85,0.301442914272306,0.0243324116218874,0.303286626303226
8.86,0.301710905296407,0.0259858772035984,0.303598302024758
8.87,0.301977947990637,0.0276387138860126,0.303910186026091
8.88,0.302244029799466,0.0292909237877216,0.304222278348486
8.89,0.302509138307431,0.030942509083659,0.304534579033423
8.9,0.302773261078003,0.0325934720892202,0.304847088122829
8.91,0.303036385588031,0.03424381540686,0.305159805650204
8.92,0.303298499521552,0.0358935417396356,0.305472731642603
8.93,0.303559590458465,0.0375426539605258,0.305785866128381
8.94,0.303819645867275,0.039191155115132,0.306099209137291
8.95,0.30407865310509,0.0408390484216786,0.306412760700475
8.96,0.304336599451635,0.0424863372846856,0.306726520848016
8.97,0.304593472256153,0.044133025337522,0.3070404895996
8.98,0.304849258790569,0.0457791163643188,0.307354666976595
8.99,0.305103946286502,0.0474246143121287,0.307669052999333
9,0.305357521960143,0.0490695232844676,0.307983647817624
9.01,0.305609973837431,0.050713846814498,0.30829856946921
9.02,0.305861297282922,0.0523575799798278,0.308613922152065
9.03,0.306111500770295,0.0540007024816758,0.308929705767691
9.04,0.306360605393473,0.0556431794333041,0.309245920234695
9.05,0.30660864382658,0.0572849625876688,0.309562565439586
9.06,0.306855658012557,0.0589259930612806,0.309879641242285
9.07,0.307101696835288,0.0605662040674688,0.310197147495905
9.08,0.307346813965692,0.0622055234480628,0.310515084056688
9.09,0.307591066521951,0.0638438752568969,0.310833450784513
9.1,0.307834511237729,0.0654811842469051,0.311152247563372
9.11,0.308077203741984,0.0671173767230214,0.311471474298256
9.12,0.308319197574699,0.0687523817051103,0.31179113091318
9.13,0.308560541045613,0.0703861345973725,0.312111217359551
9.14,0.308801277963154,0.0720185763476912,0.312431733607905
9.15,0.309041446782081,0.0736496544462074,0.31275267964508
9.16,0.309281079512463,0.075279324190594,0.313074055474421
9.17,0.309520202857037,0.0769075473723336,0.313395861108573
9.18,0.309758837924,0.0785342925973843,0.313718096568174
9.19,0.309997000642645,0.0801595347892206,0.314040761880948
9.2,0.310234702638531,0.081783254192906,0.314363857075616
9.21,0.310471951957719,0.0834054354947548,0.314687382183261
9.22,0.310708753820087,0.0850260669249711,0.315011337238203
9.23,0.310945111136581,0.0866451396929007,0.315335722272206
9.24,0.311181025242594,0.0882626471074619,0.315660537315296
9.25,0.311416497312737,0.0898785828822688,0.315985782399695
9.26,0.311651528339932,0.0914929411851973,0.316311457557014
9.27,0.311886118931016,0.093105716910612,0.31663756281315
9.28,0.312120270794528,0.0947169038799065,0.316964098194889
9.29,0.312353986978599,0.0963264945587324,0.317291063730759
9.3,0.312587271044241,0.0979344810733562,0.317618459444891
9.31,0.312820127603814,0.0995408545554812,0.317946285359303
9.32,0.313052562605253,0.101145604780179,0.318274541498722
9.33,0.3132845828179,0.102748720793262,0.318603227887222
9.34,0.313516195678179,0.10435019111726,0.318932344543819
9.35,0.313747409184838,0.105950003821982,0.319261891490229
9.36,0.313978231674694,0.107548146776077,0.319591868752342
9.37,0.314208671505332,0.109144608076182,0.319922276352431
9.38,0.314438737287385,0.110739375801271,0.320253114305702
9.39,0.314668437031533,0.112332438910074,0.320584382631641
9.4,0.314897778081427,0.11392378731391,0.320916081354628
9.41,0.315126767086603,0.115513411929429,0.321248210501513
9.42,0.315355410250577,0.117101304501751,0.321580770088088
9.43,0.315583713129069,0.118687457749041,0.321913760128088
9.44,0.315811680183867,0.120271865830873,0.322247180638866
9.45,0.316039314780921,0.121854524350879,0.322581031641345
9.46,0.31626661967781,0.123435429841737,0.322915313153686
9.47,0.316493597066359,0.125014579763905,0.323250025184306
9.48,0.316720248358767,0.126591972649087,0.323585167743197
9.49,0.316946574292146,0.128167607964566,0.323920740843494
9.5,0.317172575101802,0.129741485906639,0.324256744501423
9.51,0.31739825066229,0.13131360736075,0.32459317872255
9.52,0.317623600356253,0.13288397401065,0.324930043505795
9.53,0.317848623440496,0.13445258779261,0.325267338854502
9.54,0.318073319053315,0.136019450885488,0.325605064776559
9.55,0.318297686235331,0.137584565693513,0.325943221283766
9.56,0.318521723966012,0.139147934945094,0.326281808377998
9.57,0.318745431011254,0.140709561849716,0.326620826051453
9.58,0.318968806239055,0.142269449588325,0.326960274300376
9.59,0.319191848662628,0.143827601257779,0.327300153125653
9.6,0.3194145574281,0.145384019887928,0.327640462532567
9.61,0.319636931553526,0.146938708855488,0.327981202519886
9.62,0.319858970039652,0.148491671775095,0.328322373075974
9.63,0.320080671950941,0.150042912266874,0.328663974192584
9.64,0.320302036379699,0.151592433990536,0.329006005865806
9.65,0.320523062425235,0.153140240668168,0.329348468096119
9.66,0.320743749068937,0.154686336324936,0.329691360878187
9.67,0.320964095320474,0.156230725183134,0.330034684194127
9.68,0.321184100107565,0.157773411614465,0.330378438029739
9.69,0.321403762250446,0.159314400154095,0.330722622375908
9.7,0.321623080461871,0.160853695500653,0.331067237228603
9.71,0.321842053373402,0.162391302577499,0.331412282580163
9.72,0.322060679559768,0.163927226572086,0.331757758411496
9.73,0.322278957490323,0.165461472818664,0.33210366470907
9.74,0.32249688554958,0.166994046830764,0.332450001459223
9.75,0.322714462051174,0.168524954289887,0.332796768647012
9.76,0.322931685825037,0.170054200189343,0.333144195259038
9.77,0.323148561563395,0.171581775135639,0.3334925130595
9.78,0.323365105021934,0.173107641981341,0.333841721987529
9.79,0.323581342745418,0.174631737110691,0.334191821958792
9.8,0.323797310742006,0.176153973705964,0.33454281287725
9.81,0.324013053033734,0.177674245320711,0.334894694643708
9.82,0.324228619681978,0.17919243074088,0.335247467171065
9.83,0.324444064550046,0.180708399483381,0.335601130409629
9.84,0.324659444177941,0.182222014577205,0.335955684337583
9.85,0.324874815120938,0.183733139099048,0.336311128979081
9.86,0.325090232805419,0.18524163899092,0.336667464400267
9.87,0.325305750427583,0.186747385771917,0.337024690701153
9.88,0.325521417017735,0.188250261285675,0.337382808014065
9.89,0.325737277725051,0.189750157013895,0.3377418164899
9.9,0.325953372486064,0.191246977334302,0.33810171629071
9.91,0.326169736215249,0.19274063905854,0.338462507581382
9.92,0.326386398846114,0.19423107132885,0.33882419052124
9.93,0.326603385303307,0.195718215671889,0.339186765261371
9.94,0.326820716192183,0.197202024324567,0.339550231937902
9.95,0.327038408237605,0.198682459127445,0.339914590674711
9.96,0.327256474986125,0.200159489794546,0.34027984158575
9.97,0.327474926908445,0.201633093711211,0.340645984763125
9.98,0.327693772843409,0.203103252321574,0.341013020294044
9.99,0.32791302047747,0.20456994993395,0.341380948266145
10,0.328132676516323,0.206033173359255,0.341749768757374
10.01,0.328352747030779,0.207492911051199,0.342119481836512
10.02,0.328573238678633,0.208949150051671,0.342490087581534
10.03,0.328794158562118,0.210401876363868,0.342861586074541
10.04,0.329015513990873,0.211851075566636,0.343233977391434
10.05,0.32923731325754,0.21329673086287,0.343607261617961
10.06,0.329459565483931,0.214738823467182,0.343981438847446
10.07,0.329682280341084,0.216177333321916,0.344356509170213
10.08,0.329905468222782,0.217612238633616,0.344732472685894
10.09,0.330129140044861,0.219043516367582,0.34510932950263
10.1,0.330353307012684,0.220471142864803,0.345487079722251
10.11,0.330577980442901,0.221895094236113,0.345865723450995
10.12,0.330803171565017,0.223315346829946,0.346245260804015
10.13,0.33102889133539,0.224731877733555,0.346625691892645
10.14,0.331255150504521,0.226144664633717,0.347007016817241
10.15,0.331481959082578,0.227553687053581,0.347389235681367
10.16,0.331709326258886,0.228958926544482,0.34777234859267
10.17,0.331937260541782,0.230360366402012,0.348156355649885
10.18,0.332165769806408,0.231757991573642,0.348541256935258
10.19,0.332394860946174,0.233151789428264,0.348927052530791
10.2,0.332624539841138,0.234541749826904,0.349313742519617
10.21,0.332854811641881,0.235927864476349,0.349701326976695
10.22,0.333085680790821,0.237310126916538,0.350089805957577
10.23,0.333317150971368,0.238688532555506,0.350479179517273
10.24,0.333549225168661,0.240063078509251,0.35086944771328
10.25,0.333781905859798,0.241433763168672,0.351260610599239
10.26,0.334015194925168,0.242800586503467,0.351652668204664
10.27,0.334249093864928,0.244163549415204,0.352045620559465
10.28,0.334483603910904,0.245522653435427,0.352439467700249
10.29,0.334718726045644,0.24687790068868,0.352834209668753
10.3,0.334954460966756,0.248229294097877,0.353229846487986
10.31,0.335190809088807,0.249576837335001,0.353626378168284
10.32,0.335427770801562,0.250920534095704,0.354023804728144
10.33,0.335665346485665,0.252260388058908,0.354422126194831
10.34,0.335903536404779,0.253596403204255,0.354821342593829
10.35,0.336142340602214,0.254928584150296,0.355221453928664
10.36,0.33638175909112,0.256256935567776,0.355622460205808
10.37,0.33662179185173,0.257581462168737,0.356024361439522
10.38,0.336862438790983,0.258902168817988,0.356427157649048
10.39,0.337103699635519,0.260219060902105,0.356830848834668
10.4,0.337345574012113,0.261532144067335,0.357235434990193
10.41,0.33758806142635,0.262841424203836,0.357640916117197
10.42,0.337831161259364,0.264146907452312,0.358047292225247
10.43,0.338074872712547,0.265448600392475,0.358454563320895
10.44,0.338319194830809,0.266746510113339,0.358862729382612
10.45,0.338564126501646,0.26804064404894,0.359271790391371
10.46,0.338809666439602,0.269331009980567,0.359681746337145
10.47,0.339055813186268,0.270617616036761,0.360092597218904
10.48,0.3393025651219,0.271900470768888,0.360504343025957
10.49,0.339549920481252,0.273179583150527,0.360916983730528
10.5,0.339797877351088,0.274454962451078,0.361330519321501
10.51,0.340046434097791,0.275726617564415,0.361745430492493
10.52,0.340295597306028,0.27699452804538,0.362162187179303
10.53,0.340545389132153,0.278258617278467,0.362580789314762
10.54,0.340795846730162,0.279518755294073,0.36300123681444
10.55,0.341047020339486,0.280774765566896,0.363423529589378
10.56,0.341298970856652,0.282026433645777,0.36384766761045
10.57,0.341551767815077,0.283273514334308,0.36427365092721
10.58,0.341805485969816,0.284515743821691,0.364701479727451
10.59,0.342060203069889,0.285752847597526,0.365131154350905
10.6,0.34231599774874,0.286984547948525,0.365562675281365
10.61,0.342572946160091,0.28821057590199,0.365996043156239
10.62,0.342831121503555,0.289430672919322,0.366431258724447
10.63,0.343090591434491,0.290644600090297,0.366868322817632
10.64,0.343351417714775,0.291852139379537,0.367307236314237
10.65,0.3436136550474,0.293053097763032,0.367748000096578
10.66,0.343877351101408,0.29424730714507,0.368190615023436
10.67,0.344142546402719,0.295434624744835,0.36863508190057
10.68,0.344409274676667,0.296614931883605,0.369081401466202
10.69,0.344677563517514,0.297788131610806,0.369529574381671
10.7,0.344947435097557,0.29895414617969,0.369979601235697
10.71,0.345218906754264,0.300112914982115,0.370431482536444
10.72,0.345491992378953,0.301264389601205,0.370885218738255
10.73,0.345766703203088,0.302408531019847,0.371340810255654
10.74,0.346043048036932,0.303545308801185,0.371798257448791
10.75,0.346321034861108,0.304674695414475,0.372257560666555
10.76,0.346600671503609,0.305796663830371,0.372718720262644
10.77,0.346881965380436,0.306911188468843,0.37318173657248
10.78,0.347164924657221,0.30801824105652,0.373646609950225
10.79,0.347449558372999,0.309117790193163,0.374113340770372
10.8,0.34773587633467,0.310209801737148,0.374581929416629
10.81,0.348023889565843,0.311294237200562,0.375052376307254
10.82,0.348313609955155,0.312371055012809,0.375524681875557
10.83,0.348605050200065,0.313440210718553,0.375998846573427
10.84,0.348898223691587,0.314501657378947,0.376474870882096
10.85,0.349193144197826,0.315555346719019,0.376952755283845
10.86,0.349489825603118,0.31660123004282,0.377432500269404
10.87,0.34978828160984,0.31763925928014,0.377914106345514
10.88,0.350088525573548,0.318669387601131,0.378397574006757
10.89,0.350390570340767,0.319691569992178,0.378882903731252
10.9,0.3506944277325,0.320705765062629,0.379370095992887
10.91,0.351000108546322,0.321711935049802,0.379859151252125
10.92,0.351307622696289,0.322710045357744,0.380350069929473
10.93,0.351616978830294,0.323700065880308,0.380842852422817
10.94,0.351928184218478,0.324681971388727,0.381337499112205
10.95,0.35224124502863,0.325655740586636,0.38183401034161
10.96,0.352556166287274,0.326621356249322,0.382332386413411
10.97,0.352872951852614,0.327578805288387,0.382832627612476
10.98,0.353191604561947,0.328528078231083,0.383334734207635
10.99,0.353512126291726,0.329469169062518,0.383838706413396
11,0.353834518093005,0.330402074706549,0.384344544417975
11.01,0.354158780387223,0.331326794299782,0.384852248408517
11.02,0.354484913017972,0.332243329014248,0.385361818569079
11.03,0.354812915287523,0.333151681998726,0.385873255038031
11.04,0.355142785945158,0.334051858393231,0.386386557920128
11.05,0.355474523592795,0.334943863838818,0.386901727330405
11.06,0.355808126704783,0.335827704407626,0.387418763394887
11.07,0.356143593448367,0.33670338729511,0.38793766621445
11.08,0.35648092170442,0.337570920753786,0.388458435855007
11.09,0.35682010931969,0.338430313143687,0.388981072391595
11.1,0.357161154094247,0.339281572980614,0.389505575907871
11.11,0.357504053617307,0.340124709561563,0.39003194646177
11.12,0.357848805331964,0.340959732725359,0.390560184091072
11.13,0.358195406597848,0.341786652594344,0.39109028884243
11.14,0.358543854655339,0.342605479706482,0.39162226076762
11.15,0.358894146508626,0.343416225485507,0.392156099882419
11.16,0.35924627898669,0.344218901994041,0.392691806186691
11.17,0.359600248738891,0.345013521913906,0.39322937968902
11.18,0.359956052223834,0.345800098587618,0.393768820405363
11.19,0.360313685637674,0.346578646339518,0.394310128315901
11.2,0.360673144944033,0.347349180362969,0.394853303367563
11.21,0.361034425894956,0.348111716577368,0.395398345516423
11.22,0.361397524030033,0.348866271628765,0.395945254729214
11.23,0.361762434664403,0.349612862975421,0.396494030959064
11.24,0.362129152888781,0.350351508929663,0.397044674119908
11.25,0.36249767361283,0.35108222842965,0.397597184145179
11.26,0.36286799097821,0.351805052780156,0.398152594165283
11.27,0.363240114280963,0.35252005320605,0.398711919173925
11.28,0.3636140829988,0.353227366840818,0.399275157485244
11.29,0.363989964275507,0.353927203155431,0.399842306519937
11.3,0.364367849169834,0.354619834128602,0.400413362982197
11.31,0.364747849087871,0.355305584921829,0.400988323036077
11.32,0.365130090618158,0.355984820401294,0.401567182548856
11.33,0.365514710153421,0.356657931059877,0.402149937355563
11.34,0.365901850790979,0.357325325049277,0.40273658331929
11.35,0.366291655121656,0.35798740927684,0.403327116628385
11.36,0.366684263372795,0.358644584647168,0.403921533789355
11.37,0.367079808850408,0.359297234160621,0.404519831720791
11.38,0.367478415607344,0.35994571684331,0.405122007765938
11.39,0.367880196206613,0.360590361907664,0.405728059677877
11.4,0.36828525069703,0.36123146608274,0.40633798558655
11.41,0.3686936658879,0.361869291692689,0.406951783952675
11.42,0.369105515540236,0.362504067148425,0.407569453519888
11.43,0.369520861003195,0.363135988557847,0.408190993263221
11.44,0.369939752134759,0.363765222100909,0.408816402348922
11.45,0.37036222881134,0.364391907937109,0.409445680088265
11.46,0.370788322612049,0.365016164482477,0.410078825914521
11.47,0.371218057856711,0.365638091200923,0.410715839342625
11.48,0.37165145422203,0.366257775232417,0.411356719954814
11.49,0.372088527930033,0.366875294485109,0.41200146738424
11.5,0.372529292435199,0.367490719488965,0.412650081284813
11.51,0.372973761160384,0.368104120295368,0.413302561337732
11.52,0.373421947424808,0.368715566374512,0.413958907233028
11.53,0.373873865311916,0.369325128835081,0.414619118659397
11.54,0.374329530818819,0.369932883296864,0.415283195316953
11.55,0.374788961360851,0.370538908692745,0.415951136894711
11.56,0.375252176484235,0.371143288979589,0.416622943094094
11.57,0.375719197484808,0.371746112190848,0.4172986136204
11.58,0.37619004709702,0.372347469628496,0.417978148178806
11.59,0.376664749334023,0.372947455296071,0.418661546511899
11.6,0.37714332893251,0.373546164624909,0.419348808362556
11.61,0.377625810887984,0.374143693192685,0.420039933487551
11.62,0.378112219843775,0.374740134935584,0.42073492170415
11.63,0.37860257970288,0.37533558131956,0.421433772853901
11.64,0.379096913630456,0.375930121506396,0.422136486764189
11.65,0.37959524292498,0.376523839050838,0.42284306332104
11.66,0.380097586839791,0.377116811429276,0.423553502471698
11.67,0.380603962917966,0.377709111258104,0.424267804153741
11.68,0.381114386551503,0.378300804956238,0.424985968322433
11.69,0.381628870672668,0.378891951798573,0.425707994983751
11.7,0.382147426071799,0.379482604924495,0.42643388415155
11.71,0.382670061405592,0.380072811347741,0.427163635841647
11.72,0.383196783214184,0.380662611819548,0.427897250111791
11.73,0.383727596169134,0.381252041616215,0.428634727029509
11.74,0.384262503160411,0.38184113087483,0.429376066641739
11.75,0.384801505675828,0.38242990530134,0.430121269031091
11.76,0.38534460409858,0.383018386840919,0.430870334330162
11.77,0.385891797415736,0.383606593499065,0.431623262622739
11.78,0.386443083343147,0.384194539624123,0.432380053950154
11.79,0.386998459290517,0.38478223777551,0.433140708406195
11.8,0.387557922376826,0.385369698754742,0.433905226138393
11.81,0.388121469349645,0.38595693155955,0.43467360732727
11.82,0.388689096064736,0.386543942905991,0.435445852058425
11.83,0.389260798048823,0.387130737951429,0.436221960416172
11.84,0.38983657084259,0.387717320987962,0.437001932529326
11.85,0.390416409959651,0.388303695379612,0.437785768566172
11.86,0.39100031042418,0.388889862802661,0.438573468658928
11.87,0.3915882669408,0.389475823637268,0.439365032902398
11.88,0.39218027409304,0.390061577100285,0.440160461429093
11.89,0.392776326316683,0.390647121162528,0.440959754413112
11.9,0.393376417625511,0.391232452161173,0.441762912014767
11.91,0.393980541596388,0.391817565095624,0.442569934318593
11.92,0.394588691496865,0.392402453334122,0.443380821441601
11.93,0.395200860275704,0.392987108513534,0.444195573546762
11.94,0.395817040530085,0.393571520528672,0.445014190833438
11.95,0.396437224290004,0.394155677685666,0.445836673425881
11.96,0.397061403158996,0.394739566764438,0.44666302141034
11.97,0.397689568383439,0.395323172762158,0.447493234915729
11.98,0.398321710849044,0.395906478880031,0.448327314115213
11.99,0.398957821043969,0.396489466759315,0.449165259173809
12,0.399597889056733,0.39707211678668,0.450007070193493
12.01,0.400241905606471,0.397654411451928,0.450852442433357
12.02,0.400889857501712,0.39823637594771,0.451701073804747
12.03,0.401541723338763,0.398818116635341,0.452552963603706
12.04,0.402197474983236,0.399399818356893,0.453408110556343
12.05,0.402857078333203,0.399981735588097,0.454266512946694
12.06,0.403520494455805,0.400564179169583,0.455128168806546
12.07,0.404187680598464,0.401147504347936,0.455993076068387
12.08,0.40485859151293,0.401732095108929,0.456861232745215
12.09,0.405533180615397,0.402318350452413,0.457732637069522
12.1,0.406211400957308,0.402906672733115,0.458607287556233
12.11,0.406893206498844,0.403497452663787,0.459485183096326
12.12,0.407578552602946,0.404091063277622,0.460366322924657
12.13,0.408267396990708,0.404687848695084,0.46125070662767
12.14,0.408959700010196,0.40528812086765,0.462138334083726
12.15,0.409655425105042,0.40589215412351,0.46302920541772
12.16,0.410354538820849,0.406500185105616,0.463923320936948
12.17,0.41105701090096,0.407112411806877,0.464820681081735
12.18,0.411762814052709,0.407728996389076,0.465721286375919
12.19,0.412471923772385,0.408350067574975,0.466625137395411
12.2,0.413184318007117,0.408975724575988,0.46753223473585
12.21,0.413899976741264,0.409606042586625,0.468442579005379
12.22,0.414618881698978,0.41024107615988,0.46935617080631
12.23,0.415341015892537,0.410880864929345,0.470273010731727
12.24,0.416066363185428,0.41152543924629,0.471193099377389
12.25,0.416794908169621,0.41217482131343,0.472116437317575
12.26,0.417526635632073,0.412829032282618,0.473043025131336
12.27,0.418261530450283,0.413488093424046,0.473972863395059
12.28,0.418999577449862,0.414152027896469,0.474905952676607
12.29,0.419740761162121,0.414820864125876,0.475842293557551
12.3,0.420485065897776,0.415494634654895,0.47678188661124
12.31,0.421232475636521,0.416173377995476,0.477724732427552
12.32,0.421982974101978,0.416857137573148,0.47867083160059
12.33,0.422736544832183,0.417545960999257,0.479620184727636
12.34,0.423493171271353,0.418239899435763,0.480572792432585
12.35,0.424252836837389,0.418939006183305,0.481528655328817
12.36,0.425015525099845,0.419643335106671,0.482487774039884
12.37,0.425781219934519,0.420352939163921,0.483450149216091
12.38,0.426549905517184,0.421067869651804,0.484415781488883
12.39,0.427321566497692,0.421788174641472,0.485384671485724
12.4,0.42809618819557,0.422513897107265,0.486356819849414
12.41,0.428873756495734,0.423245075443043,0.48733222719907
12.42,0.429654257956486,0.423981742428647,0.488310894132065
12.43,0.430437679973164,0.424723923853375,0.489292821248848
12.44,0.43122401064297,0.425471639497012,0.490278009120792
12.45,0.432013238782721,0.426224902977515,0.491266458284176
12.46,0.432805354016507,0.426983721361777,0.492258169272083
12.47,0.433600346660232,0.427748096022189,0.493253142588674
12.48,0.434398207670158,0.428518022987485,0.494251378689875
12.49,0.435198928668938,0.429293493558155,0.495252878029505
12.5,0.436002501883749,0.430074494919363,0.496257641055291
12.51,0.43680892003538,0.430861010238822,0.497265668148415
12.52,0.43761817633688,0.431653019778159,0.498276959672833
12.53,0.438430264464351,0.432450501837582,0.499291516005124
12.54,0.439245178500166,0.433253432833941,0.500309337511016
12.55,0.440062912865367,0.434061786858996,0.501330424484398
12.56,0.440883462324871,0.434875537152532,0.502354777216533
12.57,0.441706821966041,0.435694656714188,0.503382396016015
12.58,0.44253298717746,0.436519117742403,0.504413281174658
12.59,0.443361953607573,0.437348891331338,0.505447432924641
12.6,0.444193717194995,0.438183948468517,0.506484851504002
12.61,0.445028274176306,0.439024260025509,0.507525537164285
12.62,0.44586562104804,0.439869796137715,0.508569490119637
12.63,0.446705754552442,0.44072052636611,0.509616710542602
12.64,0.447548671758954,0.441576419848099,0.510667198619693
12.65,0.448394370077102,0.442437445189169,0.511720954553723
12.66,0.449242847157974,0.443303570046064,0.512777978496199
12.67,0.450094100867552,0.444174761328096,0.513838270541566
12.68,0.450948129453511,0.445050985057612,0.514901830803564
12.69,0.451804931553174,0.445932206350173,0.515968659418307
12.7,0.452664506149939,0.446818389350669,0.517038756525834
12.71,0.453526852341886,0.44770949718656,0.518112122164252
12.72,0.454391969512661,0.448605492116564,0.519188756348383
12.73,0.455259857433595,0.449506335507441,0.520268659119073
12.74,0.456130516263801,0.450411987833756,0.521351830543248
12.75,0.457003946432844,0.451322408770947,0.522438270672176
12.76,0.457880151458576,0.452237563736615,0.523526197807971
12.77,0.458759110663032,0.453157390319278,0.52461384218418
12.78,0.459640753101953,0.454081766801765,0.525701202638121
12.79,0.460524963177011,0.455010521543963,0.526788277373295
12.8,0.461411586882208,0.455943439982088,0.527875064097767
12.81,0.462300438569819,0.456880272254038,0.528961560186913
12.82,0.463191306227563,0.457820739061741,0.530047762768912
12.83,0.4640839636707,0.458764545340153,0.5311336689934
12.84,0.464978175254687,0.459711385479879,0.532219276077208
12.85,0.465873702602002,0.46066095082049,0.533304581392201
12.86,0.466770315187205,0.461612941470308,0.53438958260122
12.87,0.467667791152492,0.462567067197105,0.535474277623358
12.88,0.468565924986657,0.463523055992739,0.536558664674818
12.89,0.469464529020684,0.464480655742314,0.537642742246564
12.9,0.470363436296049,0.465439637430313,0.538726509074922
12.91,0.47126250111475,0.466399795766247,0.539809964111706
12.92,0.472161598780894,0.467360948919509,0.540893106483711
12.93,0.473060625048872,0.468322937929096,0.541975935459081
12.94,0.473959493914659,0.469285624271647,0.543058450422698
12.95,0.474858135554276,0.470248887611623,0.54414065083606
12.96,0.475756494445301,0.471212623724946,0.545222536237129
12.97,0.476654525860037,0.472176740654475,0.546304106210911
12.98,0.477552192721321,0.473141155258654,0.547385360366511
12.99,0.478449464835646,0.474105792366115,0.548466298351515
13,0.479346315753343,0.475070581341349,0.549546919833288
13.01,0.480242718882544,0.476035451823963,0.550627224480446
13.02,0.481138648592038,0.47700033495343,0.551707211977392
13.03,0.482034078141247,0.477965161115819,0.55278688201717
13.04,0.482928977632496,0.478929857718202,0.55386623429353
13.05,0.483823315198554,0.479894350507129,0.554945268510242
13.06,0.484717055847164,0.480858562336037,0.55602398437785
13.07,0.485610161669076,0.481822413419182,0.557102381615556
13.08,0.486502592774267,0.482785822369999,0.55818045995749
13.09,0.487394307434021,0.483748706411091,0.559258219152187
13.1,0.488285262991179,0.484710982392959,0.56033565896507
13.11,0.489175416191494,0.485672567144157,0.561412779183488
13.12,0.490064724659661,0.486633379165866,0.56248957961504
13.13,0.490953147548964,0.487593339366785,0.563566060086947
13.14,0.491840645923075,0.48855237146272,0.564642220448211
13.15,0.492727182684179,0.489510401906451,0.565718060571765
13.16,0.493612724542671,0.490467362113289,0.566793580345873
13.17,0.494497242160661,0.491423188620004,0.567868779673362
13.18,0.495380709143738,0.492377821943438,0.568943658475607
13.19,0.496263102776302,0.49333120741745,0.570018216688586
13.2,0.497144404518624,0.494283295758008,0.571092454255671
13.21,0.498024599405128,0.495234042388928,0.572166371130118
13.22,0.498903675764301,0.496183407128204,0.573239967277888
13.23,0.499781625182285,0.497131354163116,0.574313242669001
13.24,0.500658442190359,0.498077851705079,0.575386197276524
13.25,0.501534123877319,0.499022871548234,0.576458831083885
13.26,0.502408669736145,0.499966388905629,0.577531144081881
13.27,0.503282080883437,0.500908381555201,0.578603136262122
13.28,0.504154359934449,0.501848829701131,0.579674807617022
13.29,0.505025510805548,0.502787715741534,0.580746158146924
13.3,0.505895539260244,0.50372502486862,0.581817187862782
13.31,0.506764451516306,0.504660743540166,0.582887896776519
13.32,0.507632254069724,0.505594859285433,0.583958284900328
13.33,0.508498953786255,0.506527360803833,0.585028352247423
13.34,0.509364558714125,0.507458238841268,0.586098098841084
13.35,0.510229077434402,0.508387485480655,0.58716752471044
13.36,0.511092518772606,0.509315093822138,0.588236629884586
13.37,0.511954891865679,0.51024105805483,0.589305414392556
13.38,0.512816206562189,0.511165373887196,0.59037387826753
13.39,0.513676473303601,0.512088038410937,0.591442021551565
13.4,0.514535703094573,0.513009050062572,0.592509844285872
13.41,0.51539390754428,0.513928408667602,0.593577346509631
13.42,0.516251098950009,0.514846115527308,0.594644528260373
13.43,0.517107290443244,0.515762173561756,0.595711389583494
13.44,0.51796249574912,0.516676587045065,0.596777930529779
13.45,0.518816729419007,0.517589361846408,0.597844151146349
13.46,0.519670006845664,0.518500505445824,0.598910051476431
13.47,0.520522344227103,0.51941002689064,0.59997563156121
13.48,0.521373758356414,0.520317936537597,0.60104089145013
13.49,0.522224266744947,0.521224246187985,0.602105831190418
13.5,0.52307388756443,0.522128969014104,0.603170450828062
13.51,0.523922635916835,0.523032114344512,0.604232887223372
13.52,0.524770503086925,0.523933666798827,0.605291239077692
13.53,0.525617436500052,0.524833566268233,0.606345506171435
13.54,0.526463339497556,0.525731706409612,0.607395688063257
13.55,0.527308076284359,0.526627939890487,0.608441784152995
13.56,0.528151478660895,0.527522085533152,0.60948379377077
13.57,0.528993354578107,0.528413937390616,0.610521716275303
13.58,0.529833493939899,0.529303270904843,0.611555551119532
13.59,0.530671679437166,0.530189854403013,0.612585297929225
13.6,0.531507691104569,0.53107345393137,0.613610956529279
13.61,0.532341314461142,0.531953841891072,0.614632526957755
13.62,0.533172346346992,0.532830803228444,0.615650009453947
13.63,0.534000597665536,0.533704138337682,0.616663404436319
13.64,0.534825898764935,0.534573668764279,0.617672712449862
13.65,0.535648099372719,0.535439237125717,0.618677934146171
13.66,0.536467071336443,0.536300710007316,0.619679070214058
13.67,0.537282706963337,0.537157976189188,0.620676121378512
13.68,0.538094919029687,0.538010946638439,0.621669088339504
13.69,0.538903638717385,0.538859552308398,0.622657971782824
13.7,0.539708813261185,0.539703741622284,0.623642772359099
13.71,0.540510403355681,0.540543477703727,0.624623490663094
13.72,0.541308381571262,0.54137873668808,0.625600127280339
13.73,0.54210272781249,0.542209502873739,0.626572682751361
13.74,0.542893427303334,0.543035766572502,0.627541157580353
13.75,0.543680470132656,0.543857523620074,0.628505552283081
13.76,0.54446384648989,0.544674770290735,0.629465867353358
13.77,0.545243545817651,0.545487502389167,0.630422103273225
13.78,0.546019557180483,0.546295715634064,0.6313742605491
13.79,0.546791866206865,0.54709940238875,0.632322339680587
13.8,0.547560455708007,0.54789855231227,0.633266341179268
13.81,0.548325305694846,0.548693152365358,0.634206265580203
13.82,0.54908639265482,0.549483186025075,0.635142113411555
13.83,0.549843690760741,0.550268634565414,0.636073885229024
13.84,0.550597172185823,0.551049477375809,0.637001581602546
13.85,0.551346807710326,0.551825692591085,0.637925203081323
13.86,0.552092567517608,0.552597257935733,0.638844750244005
13.87,0.552834421796603,0.553364151349362,0.639760223693019
13.88,0.553572342198623,0.554126352514806,0.640671623988188
13.89,0.554306302188261,0.554883843227537,0.641578951656123
13.9,0.555036276925717,0.555636607267502,0.642482207273267
13.91,0.55576224421145,0.556384631382765,0.643381391401448
13.92,0.556484185726064,0.557127906592381,0.644276504537393
13.93,0.557202086606038,0.557866427733366,0.645167547139705
13.94,0.557915934671235,0.558600192633424,0.646054519703271
13.95,0.558625721446956,0.559329203178093,0.64693742267847
13.96,0.559331442072479,0.560053465204176,0.647816256453281
13.97,0.560033094617277,0.560772987770286,0.648691021411812
13.98,0.560730680059997,0.56148778312443,0.649561717941963
13.99,0.561424201918159,0.562197866292353,0.650428346371733
14,0.562113665941911,0.562903254748418,0.65129090697408
14.01,0.562799079907675,0.563603968194167,0.652149400053908
14.02,0.563480453382817,0.564300028293902,0.65300382591221
14.03,0.564157796814556,0.56499145769136,0.653854184791225
14.04,0.564831121477811,0.565678279952823,0.654700476878975
14.05,0.565500439699471,0.566360519800418,0.655542702395624
14.06,0.566165764739548,0.567038202977475,0.656380861583947
14.07,0.566827109837103,0.567711355217508,0.65721495463569
14.08,0.567484488165169,0.568380002194736,0.658044981690382
14.09,0.568137913422404,0.569044170148021,0.658870942899109
14.1,0.568787399764758,0.569703885802122,0.659692838452167
14.11,0.569432961282178,0.570359175796749,0.660510668495936
14.12,0.570074612034818,0.571010066722021,0.661324433126749
14.13,0.570712366472237,0.571656585559607,0.662134132446027
14.14,0.571346239407527,0.572298759650879,0.662939766603836
14.15,0.571976245880522,0.572936616537098,0.663741335704627
14.16,0.572602401182937,0.573570183984077,0.664538839796925
14.17,0.573224721051237,0.574199490182105,0.665332278889147
14.18,0.573843221771506,0.574824563855909,0.666121653090194
14.19,0.574457920048892,0.575445434113278,0.666906962498313
14.2,0.575068833062938,0.576062130497665,0.667688207145702
14.21,0.575675978467584,0.576674682988188,0.668465386998509
14.22,0.576279374416963,0.577283122023969,0.669238502012282
14.23,0.576879039577705,0.577887478505153,0.670007552224367
14.24,0.577474993022006,0.578487783678686,0.670772537616655
14.25,0.578067254215692,0.579084069120707,0.671533458157901
