0,-0.6,-0.6,0.1
0.01,-0.6,-0.6,0.1
0.02,-0.6,-0.6,0.1
0.03,-0.6,-0.6,0.1
0.04,-0.6,-0.6,0.1
0.05,-0.6,-0.6,0.1
0.06,-0.6,-0.6,0.1
0.07,-0.6,-0.6,0.1
0.08,-0.6,-0.6,0.1
0.09,-0.6,-0.6,0.1
0.1,-0.6,-0.6,0.1
0.11,-0.6,-0.6,0.1
0.12,-0.6,-0.6,0.1
0.13,-0.6,-0.6,0.1
0.14,-0.6,-0.6,0.1
0.15,-0.6,-0.6,0.1
0.16,-0.6,-0.6,0.1
0.17,-0.6,-0.6,0.1
0.18,-0.6,-0.6,0.1
0.19,-0.6,-0.6,0.1
0.2,-0.6,-0.6,0.1
0.21,-0.6,-0.6,0.1
0.22,-0.6,-0.6,0.1
0.23,-0.6,-0.6,0.1
0.24,-0.6,-0.6,0.1
0.25,-0.6,-0.6,0.1
0.26,-0.6,-0.6,0.1
0.27,-0.6,-0.6,0.1
0.28,-0.6,-0.6,0.1
0.29,-0.6,-0.6,0.1
0.3,-0.6,-0.6,0.1
0.31,-0.6,-0.6,0.1
0.32,-0.6,-0.6,0.1
0.33,-0.6,-0.6,0.1
0.34,-0.6,-0.6,0.1
0.35,-0.6,-0.6,0.1
0.36,-0.6,-0.6,0.1
0.37,-0.6,-0.6,0.1
0.38,-0.6,-0.6,0.1
0.39,-0.6,-0.6,0.1
0.4,-0.6,-0.6,0.1
0.41,-0.6,-0.6,0.1
0.42,-0.6,-0.6,0.1
0.43,-0.6,-0.6,0.1
0.44,-0.6,-0.6,0.1
0.45,-0.6,-0.6,0.1
0.46,-0.6,-0.6,0.1
0.47,-0.6,-0.6,0.1
0.48,-0.6,-0.6,0.1
0.49,-0.6,-0.6,0.1
0.5,-0.6,-0.6,0.1
0.51,-0.6,-0.6,0.1
0.52,-0.6,-0.6,0.1
0.53,-0.6,-0.6,0.1
0.54,-0.6,-0.6,0.1
0.55,-0.6,-0.6,0.1
0.56,-0.6,-0.6,0.1
0.57,-0.6,-0.6,0.1
0.58,-0.6,-0.6,0.1
0.59,-0.6,-0.6,0.1
0.6,-0.6,-0.6,0.1
0.61,-0.6,-0.6,0.1
0.62,-0.6,-0.6,0.1
0.63,-0.6,-0.6,0.1
0.64,-0.6,-0.6,0.1
0.65,-0.6,-0.6,0.1
0.66,-0.6,-0.6,0.1
0.67,-0.6,-0.6,0.1
0.68,-0.6,-0.6,0.1
0.69,-0.6,-0.6,0.1
0.7,-0.6,-0.6,0.1
0.71,-0.6,-0.6,0.1
0.72,-0.6,-0.6,0.1
0.73,-0.6,-0.6,0.1
0.74,-0.6,-0.6,0.1
0.75,-0.6,-0.6,0.0999999999996583
0.76,-0.599999991957491,-0.600000001357317,0.100000988534014
0.77,-0.599999871840226,-0.600000021629259,0.100003951916724
0.78,-0.599999356324299,-0.600000108631813,0.100008886364542
0.79,-0.599997987324954,-0.600000339674987,0.100015785892726
0.8,-0.599995154425119,-0.600000817777594,0.100024642926535
0.81,-0.599990118441566,-0.600001667690028,0.100035448930506
0.82,-0.599982046155462,-0.600003030032866,0.10004819534769
0.83,-0.599970035373679,-0.600005057067319,0.100062874108389
0.84,-0.599953151815704,-0.600007906469912,0.100079478321795
0.85,-0.599930454050877,-0.600011737123883,0.100098002569055
0.86,-0.599901021183963,-0.600016704446756,0.100118443060978
0.87,-0.59986397319267,-0.600022956958026,0.100140797627289
0.88,-0.599818490308182,-0.600030633008346,0.100165065549464
0.89,-0.599763823651206,-0.600039858984502,0.100191247306074
0.9,-0.59969930444914,-0.600050747753835,0.100219344280854
0.91,-0.59962434704808,-0.600063398155903,0.100249358459148
0.92,-0.599538448223686,-0.600077895118758,0.100281292186253
0.93,-0.599441183659705,-0.600094310253248,0.100315147933662
0.94,-0.599332201242787,-0.600112702984605,0.100350928180309
0.95,-0.599211211437236,-0.600133122176893,0.100388635289237
0.96,-0.59907798055106,-0.60015560726943,0.100428271494183
0.97,-0.598932316249148,-0.600180190721738,0.100469838878493
0.98,-0.598774057821327,-0.600206899656004,0.100513339392953
0.99,-0.598603070068767,-0.600235756888811,0.100558774901738
1,-0.598419228194842,-0.600266783481164,0.100606147231294
1.01,-0.598222414650829,-0.600299999270823,0.100655458196819
1.02,-0.598012510484214,-0.600335424332471,0.100706709655041
1.03,-0.597789391146932,-0.600373079685179,0.100759903533175
1.04,-0.597552922938138,-0.600412987892778,0.100815041860402
1.05,-0.597302961119286,-0.600455173381996,0.100872126788218
1.06,-0.597039349689025,-0.600499662480471,0.100931160603492
1.07,-0.596761921504745,-0.600546483396248,0.100992145740561
1.08,-0.596470500559233,-0.600595665833562,0.101055084771055
1.09,-0.596164903810693,-0.60064724068399,0.101119980411498
1.1,-0.595844943806384,-0.600701239583658,0.101186835491475
1.11,-0.595510432611043,-0.60075769425024,0.10125565294462
1.12,-0.595161184359875,-0.600816636052076,0.10132643578161
1.13,-0.594797017475533,-0.600878095634004,0.101399187054859
1.14,-0.594417759470637,-0.600942102106811,0.101473909825664
1.15,-0.594023247392513,-0.60100868297217,0.101550607138598
1.16,-0.593613330017911,-0.601077863752202,0.101629281985683
1.17,-0.593187870777772,-0.601149667495852,0.101709937273251
1.18,-0.592746746548573,-0.601224114982852,0.101792575809115
1.19,-0.592289849370775,-0.601301224433676,0.101877200274585
1.2,-0.59181708637756,-0.601381011521567,0.101963813215418
1.21,-0.591328378687151,-0.601463489559444,0.102052417032673
1.22,-0.590823661236586,-0.601548669527979,0.102143013983615
1.23,-0.590302881565899,-0.601636560280776,0.102235606184605
1.24,-0.58976599899393,-0.601727168683442,0.102330195601544
1.25,-0.589212982502344,-0.601820499970757,0.10242678408532
1.26,-0.588643809900938,-0.60191655788755,0.102525373376006
1.27,-0.588058467242744,-0.602015344787358,0.102625965086155
1.28,-0.587456946457108,-0.602116862031973,0.102728560745148
1.29,-0.586839244270497,-0.602221110173595,0.102833161813192
1.3,-0.586205362732847,-0.602328088865945,0.102939769651672
1.31,-0.585555307065269,-0.602437797227585,0.103048385563991
1.32,-0.584889084817815,-0.60255023398408,0.103159010811585
1.33,-0.584206706876581,-0.602665397297984,0.103271646578302
1.34,-0.583508186151203,-0.602783284990399,0.103386293999165
1.35,-0.582793537137395,-0.602903894614832,0.103502954174286
1.36,-0.582062776886359,-0.603027223293535,0.103621628133492
1.37,-0.581315924489571,-0.603153267804492,0.103742316852754
1.38,-0.580553000926203,-0.603282024607189,0.103865021269074
1.39,-0.579774029819271,-0.603413489714949,0.103989742248545
1.4,-0.578979037432066,-0.603547658695538,0.104116480583414
1.41,-0.578168052682905,-0.603684526668698,0.104245237015334
1.42,-0.577341107397,-0.603824088263625,0.104376012229341
1.43,-0.576498236653872,-0.603966337560275,0.104508806808358
1.44,-0.575639478657911,-0.604111268111238,0.104643621259686
1.45,-0.574764874852372,-0.604258872922506,0.104780456033971
1.46,-0.573874469927507,-0.604409144452095,0.104919311519851
1.47,-0.57296831185793,-0.60456207460368,0.105060188002874
1.48,-0.57204645170339,-0.604717654760247,0.105203085697562
1.49,-0.57110894349111,-0.604875875803947,0.105348004749475
1.5,-0.570155844060854,-0.605036728142241,0.105494945226557
1.51,-0.569187209838791,-0.605200201858972,0.105643444683964
1.52,-0.568203150203153,-0.605366273501791,0.105793045237503
1.53,-0.567203878551788,-0.605534893432356,0.105943743164299
1.54,-0.566189701448588,-0.605705987967691,0.106095532768305
1.55,-0.565161007678995,-0.605879462199853,0.106248406703252
1.56,-0.564118254464319,-0.606055203564329,0.106402356346839
1.57,-0.563061950061336,-0.606233086335819,0.106557372307041
1.58,-0.561992639745023,-0.606412975264087,0.106713444755001
1.59,-0.560910885919807,-0.606594730718506,0.106870563918404
1.6,-0.559817256923939,-0.606778211593019,0.107028720287004
1.61,-0.558712308917186,-0.606963279994063,0.107187904949202
1.62,-0.557596578360834,-0.607149803192003,0.107348109662588
1.63,-0.55647056959244,-0.60733765683681,0.107509326994132
1.64,-0.555334750477758,-0.607526726084896,0.10767155030427
1.65,-0.554189546499987,-0.607716907126617,0.107834773746519
1.66,-0.55303534011431,-0.607908107350979,0.107998992196137
1.67,-0.551872470040387,-0.608100245523608,0.108164201186846
1.68,-0.550701234058293,-0.608293251057448,0.108330396819411
1.69,-0.549521891773346,-0.608487063288374,0.108497575679915
1.7,-0.548334669434194,-0.608681630223404,0.108665734761345
1.71,-0.547139765606736,-0.608876907054052,0.108834871365904
1.72,-0.545937354851207,-0.609072855208721,0.109004983069317
1.73,-0.544727595728889,-0.609269440255688,0.109176067618061
1.74,-0.543510634833855,-0.609466630854554,0.109348122889493
1.75,-0.542286609779681,-0.609664397982822,0.109521146865077
1.76,-0.541055657210579,-0.609862712833667,0.109695137548185
1.77,-0.539817912513193,-0.610061546898652,0.109870092971793
1.78,-0.538573513849924,-0.610260870908195,0.11004601116299
1.79,-0.537322604183602,-0.610460654298273,0.110222890128156
1.8,-0.536065330923445,-0.610660865303278,0.110400727858412
1.81,-0.534801847676124,-0.610861470485002,0.110579522323457
1.82,-0.533532312554525,-0.611062435179411,0.110759271484882
1.83,-0.532256887914995,-0.611263723548916,0.110939973309178
1.84,-0.530975738994708,-0.611465298933142,0.111121625782978
1.85,-0.529689032593407,-0.61166712420159,0.111304226918391
1.86,-0.528396934720358,-0.611869162337019,0.111487774787805
1.87,-0.527099609362727,-0.612071376761764,0.111672267529086
1.88,-0.525797217544904,-0.612273731593908,0.1118577033443
1.89,-0.524489914387679,-0.612476192384227,0.112044080531283
1.9,-0.52317784857765,-0.612678726260657,0.112231397481317
1.91,-0.521861162254468,-0.612881301967193,0.112419652671094
1.92,-0.520539988496848,-0.613083890493824,0.112608844683287
1.93,-0.519214451773115,-0.613286464968227,0.112798972197047
1.94,-0.517884668177709,-0.613489000600641,0.112990033978622
1.95,-0.516550744319301,-0.613691474952607,0.113182028890281
1.96,-0.515212778216087,-0.613893867715632,0.113374955878534
1.97,-0.513870859735231,-0.614096160600461,0.113568813965559
1.98,-0.512525070739822,-0.614298337278434,0.113763602252033
1.99,-0.51117548593795,-0.614500383172832,0.113959319907083
2,-0.509822173309306,-0.614702285361409,0.114155966157821
2.01,-0.508465195223696,-0.614904032255391,0.114353540291345
2.02,-0.507104608947282,-0.615105613466869,0.114552041652395
2.03,-0.505740466821413,-0.615307019799976,0.114751469627995
2.04,-0.504372816922018,-0.615508243060694,0.114951823647552
2.05,-0.503001704424895,-0.615709275673157,0.115153103185907
2.06,-0.501627171596018,-0.615910110687835,0.115355307761795
2.07,-0.500249257251652,-0.616110741969636,0.115558436922549
2.08,-0.498867997489002,-0.616311163981247,0.115762490246817
2.09,-0.497483426443038,-0.6165113715582,0.115967467352436
2.1,-0.496095576151706,-0.616711359947886,0.116173367895822
2.11,-0.494704475785093,-0.616911125056713,0.116380191556855
2.12,-0.493310152205735,-0.61711066328702,0.116587938040139
2.13,-0.491912629940352,-0.61730997151102,0.116796607088793
2.14,-0.490511931083716,-0.617509047097539,0.117006198484405
2.15,-0.489108074929748,-0.617707888051998,0.117216712031008
2.16,-0.487701078277086,-0.617906492933566,0.117428147552186
2.17,-0.486290954982265,-0.618104860931724,0.117640504909251
2.18,-0.484877715880995,-0.618302991886201,0.117853784002037
2.19,-0.483461368960617,-0.618500886279043,0.118067984753625
2.2,-0.482041919551052,-0.61869854519873,0.118283107101088
2.21,-0.480619369900868,-0.61889597040575,0.118499151015885
2.22,-0.479193719126243,-0.619093164343338,0.118716116505483
2.23,-0.477764963634063,-0.619290130062793,0.118934003597128
2.24,-0.476333097211613,-0.619486871199429,0.11915281233703
2.25,-0.474898110920266,-0.619683391982993,0.119372542795633
2.26,-0.473459994593789,-0.619879696186667,0.119592952905273
2.27,-0.47201876034861,-0.620075776744472,0.119813801689328
2.28,-0.470574464818347,-0.620271605950658,0.120035088769802
2.29,-0.469127207259398,-0.620467135954897,0.120256813448717
2.3,-0.467677124583249,-0.620662301076351,0.120478974770191
2.31,-0.46622438396467,-0.62085702123626,0.120701571612051
2.32,-0.46476917580311,-0.621051205223248,0.120924602769892
2.33,-0.463311706582361,-0.621244754006411,0.121148067026117
2.34,-0.461852188369742,-0.621437565591499,0.121371963257714
2.35,-0.460390835637979,-0.621629536506338,0.121596290444558
2.36,-0.458927854662021,-0.621820566700261,0.121821047743579
2.37,-0.457463440308435,-0.622010561039111,0.122046234491409
2.38,-0.455997771493895,-0.622199431412997,0.122271850206008
2.39,-0.454531006945635,-0.622387098699701,0.122497894587978
2.4,-0.453063284676217,-0.622573493021975,0.1227243674972
2.41,-0.45159471959497,-0.622758554854712,0.122951268938635
2.42,-0.450125405155598,-0.622942234283062,0.123178599038273
2.43,-0.448655413233432,-0.62312449106129,0.123406358023007
2.44,-0.447184796466036,-0.623305293554543,0.123634546203512
2.45,-0.445713590534821,-0.623484617690673,0.123863163954842
2.46,-0.444241816830918,-0.623662445738822,0.124092211703639
2.47,-0.44276948355124,-0.623838765841974,0.124321689919147
2.48,-0.441296591205177,-0.624013569458583,0.124551599096253
2.49,-0.439823134280437,-0.62418685060083,0.124781939750712
2.5,-0.438349101800964,-0.624358605634854,0.125012712412952
2.51,-0.436874481073271,-0.624528831534988,0.1252439176194
2.52,-0.435399260495288,-0.624697524589209,0.125475555907071
2.53,-0.433923428114253,-0.624864681106633,0.125707627812476
2.54,-0.432446974078734,-0.62503029628471,0.125940133867042
2.55,-0.430969891634399,-0.625194363754288,0.126173074596354
2.56,-0.429492175926877,-0.625356876162903,0.126406450519003
2.57,-0.428013824944008,-0.625517824735878,0.126640262147992
2.58,-0.426534838948824,-0.625677199548127,0.126874509992461
2.59,-0.425055219636281,-0.625834989946363,0.12710919455506
2.6,-0.423574969618033,-0.625991184771805,0.127344316338628
2.61,-0.422094091667563,-0.626145772713878,0.127579875848237
2.62,-0.420612588287851,-0.626298742559771,0.127815873585143
2.63,-0.419130460618255,-0.626450083678598,0.128052310053365
2.64,-0.417647707353285,-0.626599786506683,0.128289185764757
2.65,-0.416164324843451,-0.626747842544915,0.128526501232978
2.66,-0.414680307104927,-0.626894244379071,0.128764256969818
2.67,-0.41319564425376,-0.627038986363057,0.129002453493927
2.68,-0.411710322507989,-0.62718206462652,0.129241091329984
2.69,-0.410224325167575,-0.627323476682261,0.129480170998805
2.7,-0.408737631886111,-0.627463221735017,0.129719693021983
2.71,-0.407250218570725,-0.627601300714096,0.129959657924794
2.72,-0.40576205809481,-0.627737715985242,0.130200066229568
2.73,-0.404273120446052,-0.627872471299568,0.130440918452719
2.74,-0.402783373000813,-0.628005571628049,0.130682215110628
2.75,-0.401292780896253,-0.62813702299295,0.130923956718904
2.76,-0.399801307268299,-0.628266832442491,0.131166143781579
2.77,-0.398308913584578,-0.628395007865514,0.131408776794849
2.78,-0.396815560409083,-0.628521557587858,0.131651856252447
2.79,-0.395321207484165,-0.628646490334965,0.131895382645507
2.8,-0.393825813872324,-0.628769815258445,0.132139356453071
2.81,-0.392329337498947,-0.628891542203079,0.132383778137236
2.82,-0.390831736381299,-0.629011681011155,0.132628648154831
2.83,-0.389332968793199,-0.629130241435566,0.132873966958326
2.84,-0.387832993202265,-0.62924723317768,0.133119734995279
2.85,-0.386331767513589,-0.629362666385284,0.133365952696845
2.86,-0.384829249580228,-0.62947655138463,0.133612620478582
2.87,-0.383325397457521,-0.629588898466522,0.133859738750801
2.88,-0.381820169345104,-0.629699717914962,0.134107307918855
2.89,-0.380313523351158,-0.629809020128842,0.134355328382563
2.9,-0.378805417428092,-0.629916815817227,0.134603800521258
2.91,-0.377295809601746,-0.630023115804649,0.134852724701759
2.92,-0.37578465767499,-0.630127931074465,0.135102101287815
2.93,-0.374271919225866,-0.630231272769481,0.135351930640132
2.94,-0.372757551594672,-0.630333152219486,0.135602213115008
2.95,-0.371241512005216,-0.630433581077151,0.135852949048927
2.96,-0.369723757674655,-0.630532571170379,0.136104138764629
2.97,-0.368204245560097,-0.630630134522762,0.136355782582
2.98,-0.366682932341286,-0.63072628336291,0.136607880818233
2.99,-0.365159774524369,-0.630821030114904,0.136860433784272
3,-0.363634728824884,-0.630914387347712,0.137113441772006
3.01,-0.362107752730209,-0.631006366254609,0.137366787609686
3.02,-0.360578816484533,-0.631096962271507,0.137620353113142
3.03,-0.359047914484476,-0.631186141383675,0.137874138440062
3.04,-0.357515064924195,-0.63127384016085,0.138128143595757
3.05,-0.355980306390008,-0.631359970056879,0.138382368471418
3.06,-0.354443694367393,-0.631444421815857,0.138636812889312
3.07,-0.35290529877068,-0.631527068598015,0.138891476617447
3.08,-0.3513651977566,-0.631607773743889,0.139146359435277
3.09,-0.349823474020384,-0.631686395421981,0.13940146116309
3.1,-0.348280213229363,-0.631762788635704,0.139656781655261
3.11,-0.346735497786298,-0.631836813020696,0.139912320841955
3.12,-0.345189404581484,-0.631908335671962,0.140168078728908
3.13,-0.343642004585611,-0.631977231687419,0.140424055382938
3.14,-0.342093358660207,-0.632043389394213,0.140680250935613
3.15,-0.340543518330204,-0.632106709413253,0.140936665568904
3.16,-0.338992524430399,-0.632167106347372,0.141193299503176
3.17,-0.337440407284903,-0.632224508565909,0.141450152987506
3.18,-0.335887187669358,-0.632278857024034,0.141707226289291
3.19,-0.334332877152603,-0.6323301048049,0.141964519685243
3.2,-0.332777479469886,-0.632378215455036,0.14222203345705
3.21,-0.331220991947297,-0.632423161184152,0.142479767885476
3.22,-0.329663406992042,-0.632464920969649,0.142737723247734
3.23,-0.328104712942251,-0.632503479574267,0.142995899815605
3.24,-0.326544895831861,-0.632538825301874,0.143254297853741
3.25,-0.324983941201862,-0.632570947698883,0.143512917619782
3.26,-0.323421833820065,-0.632599837986384,0.143771759362639
3.27,-0.321858559226271,-0.632625487095421,0.144030823322663
3.28,-0.32029410512513,-0.632647883887768,0.144290109732872
3.29,-0.318728460519618,-0.632667016315822,0.144549618817319
3.3,-0.317161616554427,-0.632682870340187,0.144809350792096
3.31,-0.315593567022182,-0.632695429263585,0.145069305867317
3.32,-0.314024307536996,-0.632704674835158,0.145329484245186
3.33,-0.312453835667016,-0.632710587053461,0.145589886121791
3.34,-0.310882150776517,-0.632713144322407,0.14585051168959
3.35,-0.309309253418671,-0.632712324292908,0.146111361134689
3.36,-0.307735145115815,-0.632708104132473,0.146372434637229
3.37,-0.306159827674016,-0.632700461291742,0.146633732375029
3.38,-0.30458330271346,-0.63268937409022,0.146895254522973
3.39,-0.303005572163546,-0.63267482131012,0.147157001247188
3.4,-0.301426637510285,-0.632656783004255,0.147418972708009
3.41,-0.299846498771587,-0.632635241646535,0.147681169062373
3.42,-0.298265154511646,-0.632610182117962,0.147943590463718
3.43,-0.296682602525038,-0.632581591045532,0.148206237056809
3.44,-0.295098839765249,-0.632549456902279,0.148469108976501
3.45,-0.293513861650215,-0.632513770675872,0.148732206351977
3.46,-0.291927662143093,-0.632474525774888,0.148995529306499
3.47,-0.290340234337554,-0.632431717413124,0.149259077954469
3.48,-0.288751570388424,-0.632385342721672,0.149522852399938
3.49,-0.287161661591839,-0.632335400479403,0.149786852740913
3.5,-0.285570498501403,-0.632281890947281,0.150051079069943
3.51,-0.283978071329642,-0.632224815483451,0.15031553147134
3.52,-0.282384369658762,-0.632164177083884,0.150580210016279
3.53,-0.28078938303818,-0.632099979299768,0.150845114771159
3.54,-0.279193101096217,-0.632032226058154,0.15111024579863
3.55,-0.277595513552141,-0.631960921664385,0.151375603157261
3.56,-0.275996610221053,-0.631886071093091,0.151641186894908
3.57,-0.274396380982345,-0.631807679932012,0.151906997049909
3.58,-0.272794816129916,-0.631725753709441,0.152173033657397
3.59,-0.271191906415304,-0.631640297840889,0.152439296749463
3.6,-0.269587642876197,-0.631551317937502,0.152705786352761
3.61,-0.267982016728784,-0.631458820120769,0.152972502483408
3.62,-0.266375019556545,-0.631362810533598,0.153239445153335
3.63,-0.264766643263091,-0.63126329534453,0.153506614371797
3.64,-0.263156880004273,-0.63116028085174,0.153774010144811
3.65,-0.26154572211196,-0.631053773822911,0.154041632468824
3.66,-0.259933162168187,-0.63094378126541,0.154309481333816
3.67,-0.258319192845478,-0.630830310437238,0.154577556727647
3.68,-0.256703806901628,-0.630713368850907,0.154845858636119
3.69,-0.255086997125656,-0.630592964384182,0.155114387041729
3.7,-0.253468756563858,-0.630469105419214,0.155383141914511
3.71,-0.251849078357776,-0.630341800667081,0.155652123219857
3.72,-0.250227955611465,-0.630211059152515,0.155921330922159
3.73,-0.248605381391498,-0.630076890213908,0.156190764984801
3.74,-0.246981348767266,-0.629939303514675,0.15646042536891
3.75,-0.245355851103732,-0.629798309100951,0.156730312023455
3.76,-0.243728882422102,-0.629653914516899,0.157000362181582
3.77,-0.242100445039988,-0.629506097746191,0.157270514350569
3.78,-0.240470556665046,-0.629354782112425,0.157540768351929
3.79,-0.238839250094107,-0.629199836866286,0.157811123915705
3.8,-0.237206571163107,-0.629041084616919,0.15808158072216
3.81,-0.235572576524291,-0.628878309454204,0.15835213846574
3.82,-0.233937331764617,-0.628711263739589,0.158622796881339
3.83,-0.232300907507659,-0.628539682351851,0.158893555838109
3.84,-0.230663377909658,-0.628363288127462,0.159164415335606
3.85,-0.229024818105695,-0.628181801160545,0.15943537552212
3.86,-0.227385301043467,-0.62799495035877,0.159706436707224
3.87,-0.225744897086289,-0.627802474893509,0.159977599329049
3.88,-0.22410367138378,-0.627604133789342,0.160248863928048
3.89,-0.222461683565936,-0.62739970707115,0.160520231117613
3.9,-0.220818986584828,-0.627188999980441,0.160791701539935
3.91,-0.219175626754816,-0.626971842866532,0.161063275842255
3.92,-0.217531643633523,-0.626748091606311,0.161334954643852
3.93,-0.215887070366798,-0.626517626362968,0.161606738521322
3.94,-0.214241934345055,-0.626280349203456,0.161878627998547
3.95,-0.212596257875539,-0.626036181551295,0.162150623539187
3.96,-0.210950058797233,-0.625785062104391,0.162422725553388
3.97,-0.209303351792541,-0.625526941829453,0.162694934403392
3.98,-0.207656149143123,-0.625261781164067,0.162967250412788
3.99,-0.206008461015232,-0.624989549191304,0.163239673872834
4,-0.204360296956596,-0.624710217867894,0.163512205060352
4.01,-0.202711666531538,-0.624423759647929,0.163784844247884
4.02,-0.201062579117283,-0.624130148419481,0.164057591702306
4.03,-0.199413044984815,-0.623829355301835,0.164330447701502
4.04,-0.197763075412636,-0.623521348235649,0.164603412537346
4.05,-0.196112682594762,-0.623206092351698,0.164876486514985
4.06,-0.194461880041312,-0.622883548352802,0.16514966996177
4.07,-0.192810682251332,-0.62255367379599,0.165422963221948
4.08,-0.191159104643497,-0.622216423284012,0.165696366657369
4.09,-0.189507163423282,-0.621871748875046,0.165969880647342
4.1,-0.187854875303683,-0.621519601239271,0.166243505582337
4.11,-0.186202257227167,-0.621159930585915,0.166517241860856
4.12,-0.18454932605725,-0.620792687722816,0.16679108988515
4.13,-0.18289609845284,-0.620417824679716,0.167065050056027
4.14,-0.181242590707449,-0.620035295287406,0.167339122769591
4.15,-0.179588818214287,-0.619645057009048,0.167613308407167
4.16,-0.177934795482303,-0.619247070944325,0.167887607333915
4.17,-0.176280536312673,-0.618841301365603,0.168162019899473
4.18,-0.174626053382761,-0.618427717067115,0.16843654642916
4.19,-0.172971358128775,-0.618006291747868,0.168711187220658
4.2,-0.171316461051527,-0.617577003051797,0.168985942548272
4.21,-0.169661371676443,-0.617139832726303,0.169260812660673
4.22,-0.168006098480399,-0.61669476668836,0.169535797779339
4.23,-0.166350649035646,-0.616241794488487,0.169810898101436
4.24,-0.164695030144118,-0.615780909162239,0.170086113799522
4.25,-0.163039247908181,-0.615312106684544,0.170361445024301
4.26,-0.161383307860443,-0.614835385268032,0.170636891908858
4.27,-0.159727215024952,-0.61435074516598,0.170912454569874
4.28,-0.158070974042235,-0.613858188640577,0.171188133106675
4.29,-0.15641458912579,-0.613357719929865,0.171463927601175
4.3,-0.154758064355987,-0.612849343758447,0.171739838128149
4.31,-0.153101403695245,-0.612333065279795,0.172015864755615
4.32,-0.151444610895225,-0.611808890782621,0.172292007539457
4.33,-0.149787689523117,-0.611276827604933,0.172568266523548
4.34,-0.148130643110067,-0.610736883180327,0.172844641746991
4.35,-0.146473475142735,-0.610189065088018,0.173121133243841
4.36,-0.144816188966859,-0.60963338168518,0.173397741038109
4.37,-0.143158787827664,-0.60906984186756,0.173674465145418
4.38,-0.14150127487377,-0.608498454810112,0.173951305575584
4.39,-0.139843653131053,-0.607919230095807,0.174228262331705
4.4,-0.138185925463767,-0.607332178191636,0.174505335405876
4.41,-0.136528094587548,-0.606737310206636,0.17478252478132
4.42,-0.1348701630161,-0.606134637874755,0.1750598304333
4.43,-0.133212133053727,-0.605524173592309,0.175337252328866
4.44,-0.131554006810703,-0.604905930732292,0.175614790423542
4.45,-0.129895786224529,-0.604279923551162,0.175892444661849
4.46,-0.128237472989669,-0.60364616704299,0.176170214979708
4.47,-0.126579068552761,-0.603004676940239,0.1764481013045
4.48,-0.124920574147952,-0.602355469782846,0.176726103553974
4.49,-0.12326199085915,-0.601698562976328,0.177004221634954
4.5,-0.121603319560142,-0.601033974572212,0.177282455435627
4.51,-0.119944561647598,-0.60036172300138,0.17756077815771
4.52,-0.118285726541877,-0.599681826635241,0.177839163915042
4.53,-0.116626838694632,-0.598994303358251,0.178117612584005
4.54,-0.114967936877766,-0.598299170362132,0.178396123996499
4.55,-0.113309072940072,-0.597596444113483,0.178674697970772
4.56,-0.111650309280888,-0.596886140555765,0.178953334314684
4.57,-0.109991716229993,-0.59616827520153,0.179232032833426
4.58,-0.10833336918604,-0.595442863267022,0.179510793336267
4.59,-0.106675347239294,-0.594709919827136,0.179789615636006
4.6,-0.105017729317695,-0.593969459994889,0.180068499555355
4.61,-0.103360592139436,-0.59322149905635,0.180347444927551
4.62,-0.101704010118098,-0.592466052543051,0.18062645159391
4.63,-0.100048051603276,-0.591703136412229,0.180905519404286
4.64,-0.0983927789113383,-0.590932767078889,0.181184648214779
4.65,-0.0967382483390423,-0.590154961462027,0.18146383788519
4.66,-0.0950845084005544,-0.589369737021099,0.181743088276589
4.67,-0.0934316009735408,-0.58857711175224,0.182022399250028
4.68,-0.0917795614278124,-0.587777104165894,0.182301770664674
4.69,-0.0901284187671561,-0.586969733171956,0.182581202376678
4.7,-0.0884781967453213,-0.586155018133057,0.182860694238882
4.71,-0.08682891457188,-0.585332978750914,0.183140246100498
4.72,-0.0851805880293517,-0.584503634805585,0.183419857807922
4.73,-0.0835332303644928,-0.583667006178701,0.18369952920511
4.74,-0.0818868516774369,-0.582823113164055,0.183979260131562
4.75,-0.080241461706151,-0.581971975792121,0.184259050426583
4.76,-0.07859707041602,-0.581113613704344,0.184538899930158
4.77,-0.0769536875976316,-0.580248046406219,0.184818808481722
4.78,-0.0753113226530027,-0.579375293446529,0.185098775919194
4.79,-0.073669986228535,-0.578495373875653,0.185378802082701
4.8,-0.0720296903263284,-0.577608306245279,0.185658886814867
4.81,-0.0703904473933827,-0.576714108890401,0.18593902995894
4.82,-0.0687522707754175,-0.575812799757921,0.186219231360207
4.83,-0.0671151748682907,-0.57490439624471,0.186499490867406
4.84,-0.0654791745504683,-0.57398891536149,0.186779808331532
4.85,-0.0638442850343832,-0.573066373876864,0.187060183604869
4.86,-0.0622105215930322,-0.572136788082754,0.187340616542791
4.87,-0.0605778993609517,-0.57120017377476,0.187621107003876
4.88,-0.058946432958381,-0.5702565465007,0.187901654847972
4.89,-0.0573161367670037,-0.569305921661369,0.188182259935726
4.9,-0.0556870240842018,-0.568348314248404,0.188462922129987
4.91,-0.0540591069885024,-0.567383738826462,0.188743641295863
4.92,-0.0524323964346858,-0.566412209657593,0.189024417299817
4.93,-0.0508069025795164,-0.565433741027948,0.189305250007581
4.94,-0.0491826343268101,-0.564448346926278,0.189586139286094
4.95,-0.0475595991538632,-0.563456040965099,0.189867085003816
4.96,-0.0459378032119734,-0.562456836398801,0.190148087030668
4.97,-0.0443172518516044,-0.561450746417674,0.190429145236371
4.98,-0.0426979493287578,-0.560437784065254,0.190710259490786
4.99,-0.0410798989727597,-0.559417961959813,0.190991429665895
5,-0.0394631032358109,-0.558391292286751,0.191272655635882
5.01,-0.0378475639585915,-0.557357787009767,0.191553937275945
5.02,-0.0362332822206593,-0.556317458048825,0.191835274460944
5.03,-0.0346202586820762,-0.555270316854521,0.192116667068608
5.04,-0.0330084936961088,-0.554216374353984,0.192398114980002
5.05,-0.0313979873161783,-0.55315564105529,0.192679618078858
5.06,-0.0297887391270939,-0.552088127457768,0.192961176248653
5.07,-0.0281807484953662,-0.55101384365783,0.193242789375546
5.08,-0.026574014753086,-0.549932799175904,0.193524457349756
5.09,-0.0249685371791331,-0.548845002977198,0.193806180065417
5.1,-0.023364314751457,-0.547750463871132,0.194087957417693
5.11,-0.0217613462352483,-0.546649190478547,0.194369789303071
5.12,-0.0201596303238155,-0.545541190868294,0.19465167562205
5.13,-0.0185591656347774,-0.544426472544408,0.194933616279236
5.14,-0.0169599506051082,-0.543305042605744,0.195215611182188
5.15,-0.0153619833848887,-0.54217690813748,0.195497660238653
5.16,-0.0137652619601505,-0.541042075805789,0.19577976335949
5.17,-0.012169784113211,-0.539900551756991,0.196061920459376
5.18,-0.0105755474172687,-0.538752341636734,0.196344131456671
5.19,-0.00898254917964176,-0.53759745095889,0.196626396270861
5.2,-0.00739078646618844,-0.536435885086207,0.196908714822696
5.21,-0.00580025610659051,-0.535267648913942,0.197191087036442
5.22,-0.00421095469017737,-0.534092746860003,0.197473512839953
5.23,-0.00262287857457287,-0.53291118306076,0.197755992163328
5.24,-0.0010360239022249,-0.531722961532887,0.19803852493783
5.25,0.000549613391161421,-0.530528085898763,0.198321111097836
5.26,0.00213403649491614,-0.529326561870988,0.198603751563017
5.27,0.00371723615550661,-0.52811842286422,0.198886446943824
5.28,0.00529917966388492,-0.526903754342391,0.199169196300243
5.29,0.00687981146955223,-0.525682691925185,0.199451998172315
5.3,0.00845905572106622,-0.524455415703841,0.199734850670497
5.31,0.0100368194297969,-0.523222142128509,0.200017751592581
5.32,0.0116129971807917,-0.521983114328773,0.200300698577083
5.33,0.0131874728605738,-0.520738596509456,0.200583689164363
5.34,0.0147601269084148,-0.519488859683163,0.200866720990035
5.35,0.0163308382109366,-0.51823417684616,0.201149791819091
5.36,0.0178994874567268,-0.51697481570755,0.201432899601137
5.37,0.0194659616079402,-0.515711030008457,0.201716042536815
5.38,0.02103015493231,-0.514443057483184,0.201999219064205
5.39,0.0225919721854756,-0.513171113743487,0.20228242787317
5.4,0.0241513288891212,-0.511895392320412,0.202565667878254
5.41,0.0257081528185287,-0.510616061894565,0.202848938201204
5.42,0.0272623835068696,-0.509333268138319,0.203132238141611
5.43,0.0288139721896028,-0.508047133776534,0.20341556714785
5.44,0.0303628809502248,-0.50675776113164,0.203698924794831
5.45,0.0319090813712807,-0.50546523467233,0.203982310754985
5.46,0.0334525530626837,-0.504169623723252,0.204265724778185
5.47,0.0349932830684434,-0.502870984811494,0.204549166680276
5.48,0.0365312625895092,-0.501569366224152,0.204832636315001
5.49,0.0380664863482538,-0.500264809717299,0.205116133568244
5.5,0.0395989519565539,-0.498957352231282,0.205399658351364
5.51,0.0411286565784695,-0.497647030219572,0.205683210581795
5.52,0.0426555972599012,-0.496333879669247,0.205966790184377
5.53,0.0441797700005523,-0.495017937399781,0.206250397086979
5.54,0.0457011680598843,-0.493699243101994,0.206534031213478
5.55,0.0472197827275573,-0.49237783837601,0.206817692488212
5.56,0.0487356023503848,-0.491053767630643,0.20710138083431
5.57,0.0502486124395008,-0.48972707776989,0.207385096175915
5.58,0.051758796257348,-0.488397817324874,0.20766883844164
5.59,0.0532661347402156,-0.487066036056138,0.207952607568101
5.6,0.0547706071706316,-0.485731784025439,0.208236403502929
5.61,0.0562721914682784,-0.484395111371415,0.208520226204821
5.62,0.0577708651716402,-0.483056066514949,0.208804075650118
5.63,0.0592666058417717,-0.481714695565766,0.209087951834329
5.64,0.0607593914943691,-0.480371042244125,0.209371854769544
5.65,0.0622492007567157,-0.47902514770396,0.209655784484827
5.66,0.0637360142703171,-0.477677048535563,0.209939741028993
5.67,0.0652198147106772,-0.476326776834036,0.210223724469719
5.68,0.0667005863005945,-0.47497436148144,0.210507734888122
5.69,0.0681783155874927,-0.473619827118956,0.21079177237952
5.7,0.0696529916839473,-0.472263193763711,0.211075837052536
5.71,0.0711246058752669,-0.470904477688761,0.211359929026471
5.72,0.0725931516764634,-0.469543691715645,0.211644048429131
5.73,0.0740586246629015,-0.468180845097604,0.211928195396074
5.74,0.0755210222145297,-0.466815943919755,0.212212370069637
5.75,0.0769803435412446,-0.465448991740241,0.212496572596363
5.76,0.0784365891933473,-0.464079989741819,0.212780803126736
5.77,0.0798897605671929,-0.462708937047176,0.213065061815033
5.78,0.0813398598998823,-0.461335831074942,0.213349348818064
5.79,0.0827868906555594,-0.459960667624957,0.21363366429351
5.8,0.0842308563616875,-0.458583441321049,0.213918008401066
5.81,0.0856717603614204,-0.45720414574978,0.214202381302573
5.82,0.0871096062655418,-0.455822773474572,0.214486783160662
5.83,0.0885443981317873,-0.454439316091065,0.214771214137804
5.84,0.0899761396310513,-0.45305376439319,0.215055674397859
5.85,0.0914048340066545,-0.451666108389973,0.215340164106112
5.86,0.0928304846264444,-0.450276337223982,0.215624683427888
5.87,0.0942530949236065,-0.448884439237515,0.215909232528301
5.88,0.0956726680845844,-0.447490401863785,0.21619381157346
5.89,0.0970892071000491,-0.446094211592781,0.216478420730436
5.9,0.0985027152243795,-0.444695854017737,0.216763060165653
5.91,0.0999131958962188,-0.443295313928414,0.217047730044623
5.92,0.101320652699092,-0.441892575041862,0.217332430533039
5.93,0.102725089384218,-0.440487619976009,0.217617161796803
5.94,0.104126510055044,-0.439080430394266,0.217901924000943
5.95,0.105524919279722,-0.437670987275477,0.218186717308018
5.96,0.106920321994332,-0.436259270652277,0.218471541879497
5.97,0.108312723537399,-0.434845259556879,0.218756397875937
5.98,0.109702129652414,-0.433428932056183,0.21904128545683
5.99,0.111088546525797,-0.432010265694722,0.219326204778673
6,0.112471980747468,-0.430589237326134,0.219611155996047
6.01,0.113852437311361,-0.429165824189456,0.219896136256853
6.02,0.115229897729036,-0.427740015818838,0.220181142563806
6.03,0.116604298613848,-0.426311825622376,0.220466174895413
6.04,0.11797553293504,-0.424881289877527,0.220751233096698
6.05,0.119343454845034,-0.423448465158665,0.22103631691944
6.06,0.120707886357565,-0.422013424105092,0.221321426074844
6.07,0.122068625504266,-0.420576251482933,0.221606560295637
6.08,0.123425451451118,-0.419137040546184,0.221891719365196
6.09,0.124778136879349,-0.417695887542322,0.222176903183455
6.1,0.126126450993243,-0.416252889495329,0.222462111764132
6.11,0.127470168122657,-0.41480814020016,0.222747345247842
6.12,0.128809074018549,-0.413361727339421,0.223032603897908
6.13,0.130142968072428,-0.411913731494613,0.223317888077379
6.14,0.131471669403467,-0.410464223496205,0.223603198224983
6.15,0.132795016477383,-0.409013264909432,0.223888534832464
6.16,0.134112870126584,-0.407560906756768,0.224173898412521
6.17,0.135425112032111,-0.406107190605976,0.224459289484781
6.18,0.136731644582424,-0.404652148675202,0.224744708552458
6.19,0.138032389031753,-0.403195804937443,0.225030156096022
6.2,0.139327283087847,-0.401738176328497,0.225315632566414
6.21,0.140616277939754,-0.400279273804399,0.225601138383199
6.22,0.141899337519927,-0.398819103354578,0.225886673936216
6.23,0.143176433308558,-0.397357667656952,0.226172239592544
6.24,0.144447541537858,-0.395894966980613,0.226457835702231
6.25,0.145712643147877,-0.394430999861572,0.226743462601114
6.26,0.146971720568265,-0.392965763997054,0.2270291206179
6.27,0.148224754085101,-0.391499257343837,0.227314810084769
6.28,0.149471723345946,-0.390031477844074,0.227600531333984
6.29,0.150712605252125,-0.388562423992987,0.227886284704767
6.3,0.151947372626117,-0.387092095194507,0.228172070548306
6.31,0.153175995599914,-0.385620491360285,0.228457889224054
6.32,0.154398440682544,-0.384147613074485,0.228743741104198
6.33,0.155614671341131,-0.382673461389197,0.229029626572559
6.34,0.156824648997037,-0.381198037542841,0.229315546021434
6.35,0.158028333535645,-0.379721342691041,0.229601499851338
6.36,0.159225684359018,-0.378243377579687,0.229887488467244
6.37,0.160416660411282,-0.376764142690861,0.23017351227786
6.38,0.161601221792247,-0.37528363768247,0.230459571689504
6.39,0.162779330902098,-0.373801860988218,0.230745667101735
6.4,0.16395095259448,-0.372318809857145,0.231031798905663
6.41,0.165116054099187,-0.370834480645296,0.231317967482061
6.42,0.166274605904827,-0.369348868444467,0.23160417319767
6.43,0.167426582801773,-0.367861966814766,0.231890416398833
6.44,0.168571963308215,-0.366373768041621,0.232176697413422
6.45,0.169710729130727,-0.364884263460676,0.232463016552185
6.46,0.170842865858302,-0.363393443217033,0.232749374104115
6.47,0.17196836271613,-0.361901296355659,0.233035770336892
6.48,0.173087211971083,-0.36040781112907,0.233322205499335
6.49,0.174199408882341,-0.358912975045614,0.233608679820806
6.5,0.175304951079306,-0.357416774972471,0.233895193513489
6.51,0.176403838331239,-0.355919197232292,0.234181746773462
6.52,0.177496072493508,-0.354420227785185,0.23446833978066
6.53,0.178581656898835,-0.35291985228219,0.234754972701559
6.54,0.17966059571329,-0.351418056177722,0.235041645692333
6.55,0.180732894116049,-0.349914824769714,0.235328358897905
6.56,0.181798558459365,-0.348410143246358,0.235615112450975
6.57,0.182857595342348,-0.346903996760689,0.235901906476854
6.58,0.183910011503139,-0.345396370446223,0.236188741094047
6.59,0.184955814380486,-0.343887249420147,0.236475616411296
6.6,0.18599501184441,-0.342376618810794,0.236762532529045
6.61,0.187027611812711,-0.340864463736656,0.237049489541624
6.62,0.188053622416243,-0.339350769301456,0.237336487536387
6.63,0.189073052454895,-0.337835520639243,0.237623526591258
6.64,0.190085911082065,-0.336318702876008,0.237910606776583
6.65,0.191092207801749,-0.3348003010793,0.238197728155264
6.66,0.19209195264978,-0.333280300283646,0.238484890781768
6.67,0.193085156385061,-0.331758685581664,0.238772094701026
6.68,0.194071830352428,-0.330235442033016,0.239059339949389
6.69,0.195051986517307,-0.328710554631598,0.239346626554519
6.7,0.196025637515149,-0.327184008354871,0.239633954535097
6.71,0.196992796797913,-0.325655788294753,0.23992132389986
6.72,0.197953478477669,-0.324125879563044,0.240208734648739
6.73,0.198907697275611,-0.322594267264084,0.24049618677325
6.74,0.19985546853677,-0.321060936523949,0.24078368025638
6.75,0.200796808275369,-0.31952587264755,0.241071215106088
6.76,0.201731733087821,-0.317989061624681,0.241358802105391
6.77,0.20266025992043,-0.316450495418899,0.241646450138594
6.78,0.203582405857699,-0.314910176381662,0.241934159096578
6.79,0.204498188119429,-0.313368117127543,0.242221928858867
6.8,0.205407624012343,-0.311824339125126,0.242509759274698
6.81,0.206310730872415,-0.310278871081717,0.242797650170714
6.82,0.207207526051298,-0.308731746961849,0.243085601358413
6.83,0.20809802691331,-0.307183006011378,0.243373612632928
6.84,0.208982250815272,-0.305632688955562,0.243661683787273
6.85,0.209860215101547,-0.304080836086014,0.243949814619258
6.86,0.210731937148464,-0.302527487048065,0.244238004929178
6.87,0.211597434408764,-0.300972680491155,0.244526254520118
6.88,0.212456724393591,-0.299416450914088,0.244814563206824
6.89,0.213309824689372,-0.297858828442265,0.245102930815014
6.9,0.214156753032822,-0.296299840008859,0.245391357176796
6.91,0.214997527274986,-0.294739507610842,0.245679842134268
6.92,0.215832165365081,-0.293177848512778,0.245968385538421
6.93,0.216660685442803,-0.291614876202923,0.246256987245966
6.94,0.217483105723294,-0.290050600221081,0.246545647119704
6.95,0.218299444440875,-0.288485026686612,0.246834365027512
6.96,0.219109720007218,-0.286918158965833,0.247123140839818
6.97,0.219913950839281,-0.285349998289778,0.247411974429163
6.98,0.220712155196652,-0.283780544533424,0.247700865669563
6.99,0.221504351266875,-0.282209796699521,0.247989814435034
7,0.222290557353343,-0.280637752626642,0.248278820598941
7.01,0.223070791473069,-0.279064410555825,0.248567884033477
7.02,0.223845071276401,-0.277489769581425,0.248857004609301
7.03,0.224613414239242,-0.275913829214108,0.249146182195309
7.04,0.225375837769373,-0.274336589217049,0.249435416658273
7.05,0.226132358852256,-0.272758050616392,0.249724707863332
7.06,0.226882994023059,-0.271178215763561,0.25001405567414
7.07,0.227627759588343,-0.269597087602056,0.250303459953009
7.08,0.228366671646631,-0.268014669777093,0.250592920560567
7.09,0.229099745841078,-0.266430966721899,0.250882437357563
7.1,0.229826997354527,-0.264845983527716,0.251172010205232
7.11,0.230548441143336,-0.263259725442849,0.251461638964762
7.12,0.231264091987225,-0.261672198114477,0.251751323496491
7.13,0.231973964241296,-0.260083407038112,0.252041063662954
7.14,0.232678071821601,-0.258493357454333,0.252330859329216
7.15,0.233376428330732,-0.256902054236215,0.252620710362228
7.16,0.234069047341561,-0.255309502196056,0.252910616628287
7.17,0.234755942099318,-0.253715705661814,0.253200577996005
7.18,0.235437125448596,-0.252120668165913,0.253490594337458
7.19,0.236112609844301,-0.250524392476195,0.253780665528054
7.2,0.236782407613554,-0.248926881087972,0.254070791443821
7.21,0.237446530946214,-0.247328136061324,0.254360971961767
7.22,0.238104991648095,-0.245728158848331,0.254651206962007
7.23,0.238757801134055,-0.244126950330281,0.254941496327761
7.24,0.239404970519001,-0.242524511069271,0.255231839944297
7.25,0.240046510874226,-0.240920841357477,0.25552223769704
7.26,0.240682432916178,-0.239315941213114,0.255812689473837
7.27,0.241312746916892,-0.237709810492418,0.256103195165412
7.28,0.241937462727182,-0.236102448915476,0.256393754665183
7.29,0.242556590080733,-0.234493856175848,0.256684367867021
7.3,0.243170138490897,-0.23288403188392,0.256975034666046
7.31,0.24377811701383,-0.231272975735471,0.257265754960096
7.32,0.244380534245538,-0.229660687530351,0.257556528649723
7.33,0.244977398501941,-0.228047167117603,0.257847355637103
7.34,0.245568717971483,-0.226432414387968,0.258138235824964
7.35,0.246154500418002,-0.224816429349,0.258429169118629
7.36,0.246734753147025,-0.223199212126487,0.25872015542629
7.37,0.247309483089176,-0.22158076292178,0.259011194658535
7.38,0.24787869707763,-0.219961081988689,0.259302286726463
7.39,0.248442401594694,-0.21834016965291,0.259593431543463
7.4,0.249000602681045,-0.216718026259699,0.259884629026019
7.41,0.24955330595808,-0.215094652165629,0.26017587909358
7.42,0.250100516911736,-0.213470047750342,0.260467181666595
7.43,0.250642240817442,-0.211844213431518,0.26075853666699
7.44,0.251178482530342,-0.210217149570203,0.261049944019901
7.45,0.251709246480842,-0.208588856464561,0.26134140365372
7.46,0.252234536818857,-0.206959334388081,0.26163291549907
7.47,0.252754357661881,-0.205328583656774,0.261924479486924
7.48,0.2532687127791,-0.203696604536644,0.262216095551028
7.49,0.253777605528086,-0.202063397224417,0.262507763628417
7.5,0.254281038891365,-0.200428961859704,0.26279948369841
7.51,0.254779018258814,-0.19879329911855,0.263091291061058
7.52,0.255271573651609,-0.197156414527493,0.263383216336305
7.53,0.255758778976507,-0.195518322269078,0.263675258812815
7.54,0.256240751553653,-0.193879045069991,0.263967417408128
7.55,0.256717645977191,-0.192238613108169,0.264259690727586
7.56,0.257189647292966,-0.190597062634097,0.264552077159071
7.57,0.257656965268767,-0.188954434944127,0.264844574933488
7.58,0.258119824336528,-0.187310774367683,0.265137182243563
7.59,0.258578456796157,-0.185666126934726,0.265429897310196
7.6,0.259033097899536,-0.184020539453855,0.265722718418518
7.61,0.259483974783493,-0.182374057234705,0.266015644011144
7.62,0.259931305776882,-0.180726723983206,0.266308672674648
7.63,0.260375293398237,-0.179078580355499,0.266601803173736
7.64,0.260816122238372,-0.177429663512329,0.266895034449269
7.65,0.261253957091713,-0.175780006710924,0.267188365608319
7.66,0.261688941515472,-0.174129638994256,0.267481795915241
7.67,0.262121198973733,-0.172478585384003,0.267775324771117
7.68,0.262550832793912,-0.170826866873912,0.268068951697337
7.69,0.262977928564938,-0.169174500870903,0.26836267631893
7.7,0.263402556193508,-0.167521501639272,0.268656498342172
7.71,0.263824772149146,-0.165867880742049,0.268950417542236
7.72,0.264244621314854,-0.164213647385971,0.269244433753231
7.73,0.264662141694419,-0.162558809470363,0.269538546840841
7.74,0.265077365708851,-0.16090337383629,0.269832756698337
7.75,0.265490320709993,-0.159247346327635,0.270127063245642
7.76,0.26590103377034,-0.157590732873746,0.270421466406218
7.77,0.266309532853174,-0.15593353973716,0.270715966102833
7.78,0.266715845668346,-0.154275773241306,0.27101056226324
7.79,0.2671200027052,-0.152617440459551,0.271305254807468
7.8,0.267522037337483,-0.150958549238532,0.271600043648191
7.81,0.26792198496027,-0.149299108008169,0.271894928694081
7.82,0.268319883917363,-0.147639126000295,0.272189909847793
7.83,0.268715774659449,-0.145978613062734,0.272484987009446
7.84,0.269109699070269,-0.144317579509865,0.272780160078739
7.85,0.269501699875862,-0.142656036002411,0.273075428959376
7.86,0.269891819812604,-0.140993993359909,0.273370793561834
7.87,0.270280101420544,-0.13933146250561,0.273666253802501
7.88,0.270666585569295,-0.137668454142194,0.273961809610203
7.89,0.271051310637674,-0.136004978568796,0.274257460929311
7.9,0.271434312660875,-0.134341045698172,0.274553207716886
7.91,0.271815625168551,-0.132676665014374,0.274849049942659
7.92,0.272195277605742,-0.131011845215169,0.275144987594114
7.93,0.272573295430474,-0.1293465942286,0.275441020675567
7.94,0.27294970108348,-0.127680919414068,0.275737149202982
7.95,0.273324513152811,-0.126014827370105,0.276033373206449
7.96,0.273697746284403,-0.124348323907773,0.276329692730163
7.97,0.274069411899548,-0.12268141420352,0.276626107829148
7.98,0.274439518304767,-0.121014102815783,0.276922618567962
7.99,0.274808070911246,-0.119346393728746,0.277219225020514
8,0.275175072578309,-0.117678290427673,0.277515927269017
8.01,0.275540523888854,-0.116009795951123,0.277812725401208
8.02,0.275904423378062,-0.114340912938921,0.278109619509954
8.03,0.276266768269644,-0.112671643798941,0.278406609692307
8.04,0.276627554544702,-0.111001990722925,0.278703696049359
8.05,0.276986777162082,-0.109331955729174,0.279000878684146
8.06,0.277344429424066,-0.107661540503798,0.27929815770122
8.07,0.27770050416445,-0.105990746683522,0.27959553320634
8.08,0.278054993968276,-0.104319575907611,0.279893005306268
8.09,0.278407891163631,-0.102648029815861,0.280190574108773
8.1,0.278759187166257,-0.100976109884129,0.280488239722309
8.11,0.279108872563485,-0.0993038174345674,0.280786002254247
8.12,0.27945693762015,-0.0976311537645311,0.281083861812441
8.13,0.279803372139621,-0.0959581201140556,0.281381818505776
8.14,0.280148165379941,-0.0942847176450264,0.281679872444319
8.15,0.280491305764297,-0.0926109473573574,0.281978023737654
8.16,0.280832781265799,-0.0909368101767817,0.282276272493521
8.17,0.281172579057895,-0.0892623068803303,0.282574618821241
8.18,0.281510685468769,-0.0875874380857684,0.28287306283196
8.19,0.281847085979559,-0.0859122042493442,0.28317160463852
8.2,0.282181765368839,-0.0842366056771691,0.283470244352322
8.21,0.28251470782298,-0.0825606425547358,0.283768982083074
8.22,0.282845896674084,-0.0808843148888516,0.284067817941976
8.23,0.283175314375191,-0.0792076225005688,0.284366752041879
8.24,0.28350294257772,-0.0775305650402429,0.284665784496547
8.25,0.283828762526563,-0.0758531420628323,0.284964915435256
8.26,0.28415275602005,-0.0741753535930231,0.285264201593351
8.27,0.284474916576802,-0.0724972060992541,0.285563695158775
8.28,0.284795259640849,-0.070818717953538,0.285863396095831
8.29,0.285113822316581,-0.0691399192354269,0.286163304271917
8.3,0.285430660223318,-0.0674608500511749,0.286463419469964
8.31,0.285745844201055,-0.0657815587304683,0.286763741417069
8.32,0.28605945794028,-0.0641021005832923,0.287064269793924
8.33,0.286371592398318,-0.0624225348702388,0.287365004274802
8.34,0.286682341778418,-0.0607429226227118,0.287665944553365
8.35,0.286991802367779,-0.059063326046577,0.287967090336814
8.36,0.287300067512042,-0.0573838057869675,0.288268441373032
8.37,0.287607223669613,-0.055704418795229,0.288569997464274
8.38,0.287913351596184,-0.0540252189655496,0.288871758452605
8.39,0.288218522307067,-0.0523462549426316,0.289173724230376
8.4,0.288522796638304,-0.0506675698776612,0.289475894735829
8.41,0.288826225671914,-0.0489892016397456,0.289778269945409
8.42,0.289128849530906,-0.0473111821658859,0.290080849871837
8.43,0.289430698911715,-0.0456335382659619,0.290383634556528
8.44,0.289731795575847,-0.0439562918839922,0.290686624064381
8.45,0.290032153374029,-0.0422794606536286,0.290989818479677
8.46,0.290331779298157,-0.0406030584324273,0.291293217901034
8.47,0.29063067533295,-0.0389270963171376,0.29159682243672
8.48,0.290928839763498,-0.0372515833576605,0.291900632202051
8.49,0.291226267761155,-0.0355765268364667,0.292204647315969
8.5,0.291522952796948,-0.0339019330436317,0.292508867898254
8.51,0.291818888616775,-0.0322278083599387,0.292813294066964
8.52,0.292114068748234,-0.0305541589640627,0.293117925937563
8.53,0.292408487176278,-0.0288809911958613,0.293422763621163
8.54,0.292702139974513,-0.0272083124563038,0.293727807223589
8.55,0.292995024600369,-0.0255361308079296,0.294033056845517
8.56,0.29328713970805,-0.0238644548619167,0.294338512581587
8.57,0.293578485902524,-0.0221932942010499,0.294644174521937
8.58,0.293869065205957,-0.0205226590808376,0.294950042752861
8.59,0.294158880565335,-0.0188525601400548,0.29525611735491
8.6,0.294447935703926,-0.0171830083334614,0.295562398406596
8.61,0.294736234793598,-0.0155140147559381,0.295868885986083
8.62,0.295023781929462,-0.0138455903303478,0.296175580169096
8.63,0.295310581244964,-0.0121777458609126,0.296482481027745
8.64,0.295596635837126,-0.0105104914682619,0.296789588636363
8.65,0.295881947622363,-0.0088438365105639,0.297096903071884
8.66,0.296166517514675,-0.00717778964719265,0.297404424409697
8.67,0.296450345503454,-0.00551235887384297,0.297712152722534
8.68,0.296733429777104,-0.0038475510702591,0.298020088085766
8.69,0.297015766652188,-0.00218337196163842,0.298328230577669
8.7,0.297297351240609,-0.000519826453554731,0.298636580275073
8.71,0.297578177408132,0.00114308140060989,0.298945137251909
8.72,0.297858237532781,0.00280534850359159,0.299253901583489
8.73,0.298137522624486,0.00446697264797226,0.299562873346594
8.74,0.298416022792066,0.00612795228849375,0.299872052615561
8.75,0.298693727138031,0.00778828661469849,0.3001814394606
8.76,0.298970624105766,0.00944797532078332,0.300491033952089
8.77,0.299246701550284,0.0111070185635436,0.300800836160877
8.78,0.299521947039272,0.0127654168059678,0.301110846156883
8.79,0.299796347540572,0.0144231710633072,0.301421064002323
8.8,0.300069889798814,0.016080282635875,0.30173148975704
8.81,0.300342560713631,0.0177367528712399,0.302042123480822
8.82,0.300614347339668,0.0193925831642308,0.302352965233395
8.83,0.300885236805568,0.0210477750173191,0.302664015073271
8.84,0.301155215996105,0.0227023303038729,0.302975273050461
8.85,0.301424271895117,0.0243562510157418,0.303286739211258
8.86,0.30169239171845,0.0260095391474143,0.303598413601985
8.87,0.301959562913372,0.0276621966962223,0.303910296269013
8.88,0.302225773075529,0.029314225710467,0.304222387258684
8.89,0.302491009574105,0.0309656285772229,0.304534686611142
8.9,0.302755259980238,0.032616407789882,0.304847194359233
8.91,0.303018511868141,0.0342665659650752,0.305159910536283
8.92,0.303280752775393,0.0359161058600983,0.30547283517652
8.93,0.303541970202934,0.0375650303729152,0.305785968315072
8.94,0.303802151527842,0.0392133426107899,0.306099309986555
8.95,0.30406128417257,0.040861045919815,0.306412860215341
8.96,0.304319355640227,0.0425081437719925,0.306726619022343
8.97,0.304576353290736,0.0441546398276211,0.307040586429985
8.98,0.304832264339762,0.04580053793579,0.307354762462206
8.99,0.305087075858715,0.047445842134375,0.307669147144461
9,0.305340774972236,0.0490905566127533,0.307983740508904
9.01,0.305593349714882,0.0507346850518066,0.308298653397358
9.02,0.305844795070323,0.0523782230510684,0.308613997616712
9.03,0.306095119048504,0.05402115091569,0.308929773070776
9.04,0.306344342371884,0.0556634342527661,0.309245979675472
9.05,0.306592497418323,0.0573050252218732,0.309562617313775
9.06,0.306839625882854,0.0589458652813582,0.309879685841642
9.07,0.307085776456569,0.0605858879185847,0.310197185108552
9.08,0.307331002811455,0.0622250210183192,0.310515114965259
9.09,0.307575362052975,0.063863188683662,0.310833475266606
9.1,0.307818910895428,0.0655003157230944,0.311152265892047
9.11,0.308061705211804,0.0671363281851081,0.311471486740515
9.12,0.308303798670243,0.0687711549649322,0.311791137730671
9.13,0.308545239724818,0.070404731326112,0.312111218808849
9.14,0.308786072485216,0.07203699789454,0.312431729939923
9.15,0.30902633559494,0.073667901974164,0.312752671105576
9.16,0.309266061295438,0.075297398634124,0.313074042304035
9.17,0.309505276545902,0.0769254494168925,0.313395843542717
9.18,0.309744002634135,0.0785520227767466,0.313718074837394
9.19,0.309982255692794,0.0801770934675826,0.314040736210778
9.2,0.31022004751113,0.0818006416227178,0.314363827686544
9.21,0.310457386292883,0.083422651827119,0.314687349291134
9.22,0.310694277376917,0.0850431122612449,0.315011301054085
9.23,0.310930723697429,0.0866620142087633,0.315335683001869
9.24,0.311166726717065,0.0882793509273622,0.315660495159943
9.25,0.3114022876832,0.0898951161387337,0.315985737556059
9.26,0.311637407556172,0.0915093041469143,0.316311410216686
9.27,0.311872086935937,0.0931219099495963,0.316637513162874
9.28,0.312106327581345,0.0947329273919519,0.316964046416963
9.29,0.312340132533766,0.0963423490218675,0.317291010002858
9.3,0.312573505292585,0.0979501671102432,0.317618403939631
9.31,0.312806450469859,0.0995563728471872,0.317946228244874
9.32,0.313038974010713,0.101160956057515,0.318274482938926
9.33,0.313271082645457,0.102763905874966,0.318603168040823
9.34,0.313502783792193,0.104365210873326,0.318932283565087
9.35,0.313734085443509,0.105964859148873,0.319261829529279
9.36,0.313964995920794,0.107562838601302,0.319591805955007
9.37,0.314195523627735,0.109159137292021,0.319922212858866
9.38,0.31442567714181,0.110753743335651,0.320253050252178
9.39,0.314655464445748,0.112346645717255,0.320584318150854
9.4,0.314884892893204,0.113937834330053,0.320916016575684
9.41,0.315113969157495,0.115527300070905,0.321248145548278
9.42,0.315342699541837,0.117115034575921,0.321580705078892
9.43,0.315571089591218,0.11870103056512,0.321913695177875
9.44,0.315799143740259,0.120285282222466,0.3222471158593
9.45,0.31602686534128,0.121867785164795,0.322580967140764
9.46,0.316254257243815,0.123448535835317,0.322915249034839
9.47,0.316481321642361,0.12502753169577,0.32324996154594
9.48,0.316708059959296,0.126604771266789,0.323585104680908
9.49,0.316934472919235,0.128180254034541,0.323920678449762
9.5,0.317160560800585,0.129753980157935,0.324256682864781
9.51,0.317386323437435,0.131325950604786,0.324593117925448
9.52,0.317611760245907,0.132896167019231,0.324929983628185
9.53,0.317836870500593,0.134464631317214,0.325267279973916
9.54,0.318061653334569,0.136031345686463,0.325605006968066
9.55,0.318286107790986,0.137596312545051,0.325943164618761
9.56,0.318510232799309,0.139159534726419,0.326281752920912
9.57,0.318734027112521,0.140721015458267,0.32662077186404
9.58,0.318957489615432,0.14228075789877,0.326960221442291
9.59,0.319180619338026,0.143838765119877,0.327300101654559
9.6,0.319403415419673,0.145395040159449,0.327640412503554
9.61,0.319625876825433,0.146949586492203,0.327981153981823
9.62,0.319848002558412,0.148502407728738,0.32832232607504
9.63,0.320069791676936,0.150053507488121,0.328663928773038
9.64,0.320291243274047,0.151602889420663,0.329005962070038
9.65,0.320512356432408,0.153150557263136,0.329348425964205
9.66,0.320733130129138,0.154696515082741,0.329691320443773
9.67,0.320953563369069,0.156240767099558,0.330034645488582
9.68,0.321173655063198,0.157783317687117,0.330378401083192
9.69,0.321393404019794,0.159324171378538,0.330722587217256
9.7,0.321612808945091,0.160863332868803,0.331067203885241
9.71,0.321831868477738,0.162400807118106,0.33141225107256
9.72,0.322050581179823,0.1639365993063,0.331757728759465
9.73,0.322268945511887,0.165470714772125,0.332103636930693
9.74,0.322486959853152,0.167003159036398,0.33244997556978
9.75,0.322704622509277,0.168533937789112,0.332796745207628
9.76,0.322921932414687,0.170063055810347,0.333144196316601
9.77,0.323138894747462,0.171590502442154,0.333492537889441
9.78,0.323355525795951,0.173116239216417,0.333841769697677
9.79,0.323571852532763,0.174640201451716,0.334191891668272
9.8,0.323787911382149,0.176162301291573,0.334542903719013
9.81,0.324003746681294,0.177682431494657,0.334894805761833
9.82,0.324219408514947,0.179200470762213,0.335247597727864
9.83,0.324434950903567,0.180716288196784,0.335601279580265
9.84,0.324650430392969,0.182229746776923,0.335955851312095
9.85,0.324865903230904,0.183740710295136,0.336311312965404
9.86,0.325081424899481,0.185249044516927,0.336667664619825
9.87,0.325297048133473,0.186754622050919,0.337024906391263
9.88,0.325512821756633,0.188257325208543,0.337383038426685
9.89,0.32572879062515,0.189757046153645,0.337742060890806
9.9,0.325944994263254,0.191253690242772,0.338101973959823
9.91,0.326161467379995,0.192747174769323,0.338462777811648
9.92,0.326378239532361,0.194237429779205,0.338824472619051
9.93,0.32659533540731,0.195724397376437,0.339187058545904
9.94,0.326812775394279,0.197208030328725,0.339550535741213
9.95,0.327030576033046,0.198688290932216,0.339914904343351
9.96,0.327248750591553,0.2001651496141,0.340280164476486
9.97,0.32746730952378,0.201638583820676,0.340646316246964
9.98,0.327686261710633,0.203108574903732,0.341013359758811
9.99,0.327905614766036,0.204575107382297,0.341381295113027
10,0.328125375100418,0.206038168846489,0.341750122395105
10.01,0.328345548996008,0.20749774724686,0.34211984169147
10.02,0.328566143288611,0.208953829199976,0.342490453097544
10.03,0.328787164868401,0.210406401267786,0.342861956704252
10.04,0.329008621146768,0.211855448790727,0.343234352602555
10.05,0.329230520559357,0.213300954619272,0.343607640895051
10.06,0.329452872156264,0.214742900155081,0.343981821685118
10.07,0.32967568565322,0.216181265219558,0.344356895077676
10.08,0.329898971520425,0.217616027805369,0.344732861189258
10.09,0.330122740646029,0.219047164936089,0.34510972013751
10.1,0.330347004231232,0.220474652933038,0.345487472037097
10.11,0.330571773567079,0.221898467919341,0.34586611701148
10.12,0.33079705982532,0.223318586341496,0.346245655189872
10.13,0.331022874069023,0.224734985014289,0.34662608668896
10.14,0.331249226928493,0.226147641859717,0.347007411624196
10.15,0.331476128284221,0.227556536652308,0.347389630116028
10.16,0.331703587278251,0.228961651009381,0.347772742285901
10.17,0.331931612506413,0.230362968005695,0.348156748236512
10.18,0.332160211754418,0.231760472751083,0.348541648064334
10.19,0.332389391779085,0.233154152889282,0.348927441867045
10.2,0.33261915839184,0.234543998404239,0.34931412974164
10.21,0.332849516793552,0.235930000881133,0.349701711766849
10.22,0.33308047136873,0.237312153957723,0.350090188011544
10.23,0.333312025746904,0.238690453125229,0.350479558546314
10.24,0.333544182906219,0.240064895461414,0.350869823445766
10.25,0.333776945298397,0.241435479431996,0.3512609827668
10.26,0.334010314738008,0.242802205185501,0.35165303654363
10.27,0.334244292738789,0.244165073568954,0.352045984817669
10.28,0.334478880528617,0.245524086086052,0.352439827638477
10.29,0.334714079060229,0.246879244876746,0.352834565062957
10.3,0.334949889089223,0.248230552682303,0.353230197129282
10.31,0.335186311035682,0.249578013166577,0.353626723854644
10.32,0.335423345257618,0.250921630102827,0.354024145263987
10.33,0.335660992114045,0.252261407219394,0.354422461391154
10.34,0.335899251924689,0.253597348316536,0.3548216722755
10.35,0.336138124760195,0.254929457906607,0.355221777935408
10.36,0.336377610621482,0.256257740689357,0.355622778383135
10.37,0.336617709473812,0.257582201410446,0.356024673638534
10.38,0.336858421231992,0.258902844899586,0.356427463728776
10.39,0.33709974564818,0.260219676420829,0.35683114867182
10.4,0.33734168234837,0.261532701616518,0.357235728467837
10.41,0.337584230838006,0.262841926378963,0.35764120312273
10.42,0.337827390491989,0.26414735686519,0.358047572650157
10.43,0.338071160533337,0.265448999557185,0.358454837069702
10.44,0.338315539998749,0.26674686149825,0.358862996377164
10.45,0.338560527781662,0.268040950123161,0.359272050555851
10.46,0.33880612260483,0.269331273208219,0.359681999597826
10.47,0.33905232301931,0.27061783887233,0.360092843504156
10.48,0.339299127407306,0.271900655592115,0.360504582281022
10.49,0.339546534010022,0.273179732304497,0.360917215909126
10.5,0.339794540924836,0.274455078257238,0.361330744371783
10.51,0.340043146504647,0.275726702372206,0.361745636218563
10.52,0.340292357154798,0.2769945848633,0.36216237407722
10.53,0.340542194838173,0.278258649804924,0.362580957870557
10.54,0.340792696598751,0.279518767622545,0.363001387510292
10.55,0.34104391246924,0.280774762528526,0.363423662907537
10.56,0.341295903290889,0.282026420271572,0.36384778402941
10.57,0.341548738663893,0.283273495418604,0.364273750912208
10.58,0.341802493104232,0.284515725006343,0.364701563749784
10.59,0.342057244611858,0.285752833630425,0.365131222870324
10.6,0.342313071751246,0.286984543816136,0.365562728751704
10.61,0.34257005073578,0.288210586372764,0.365996082026923
10.62,0.342828254901417,0.289430702270939,0.366431283437947
10.63,0.343087751984825,0.290644652306917,0.366868333811185
10.64,0.343348603895481,0.291852217919836,0.367307234019894
10.65,0.343610865434851,0.29305320573921,0.367747984941558
10.66,0.343874584422044,0.29424744714653,0.368190587430659
10.67,0.344139801482754,0.295434799023353,0.368635042288521
10.68,0.344406550468234,0.296615142269736,0.369081350249227
10.69,0.344674859079112,0.297788379590665,0.369529511970137
10.7,0.34494474956763,0.298954432997345,0.369979528035249
10.71,0.345216239359669,0.300113241618676,0.370431398948125
10.72,0.345489342448938,0.30126475672776,0.370885125160029
10.73,0.345764070108745,0.302408939220259,0.371340707079579
10.74,0.346040431129161,0.3035457587984,0.371798145059405
10.75,0.346318433622117,0.304675187528307,0.37225743944613
10.76,0.346598085418914,0.305797198432731,0.372718590587097
10.77,0.34687939392924,0.306911766019127,0.37318159881045
10.78,0.347162367376023,0.308018861868363,0.373646464466012
10.79,0.347447014783397,0.309118454687342,0.374113187920673
10.8,0.34773334597751,0.310210510313607,0.374581769552282
10.81,0.348021372001402,0.31129499022973,0.375052209773332
10.82,0.348311104736302,0.312371852925536,0.375524509009164
10.83,0.348602556898128,0.313441053904846,0.375998667706414
10.84,0.348895741887701,0.314502546212502,0.376474686339713
10.85,0.349190673488298,0.315556281533259,0.376952565383371
10.86,0.349487365587234,0.316602211165446,0.377432305323169
10.87,0.349785831901522,0.317640286988359,0.377913906660163
10.88,0.35008608583339,0.318670462008588,0.378397369880062
10.89,0.350388140230944,0.319692691201487,0.378882695455385
10.9,0.350692006919532,0.320706933153922,0.379369883855433
10.91,0.350997696735892,0.321713149961372,0.379858935533398
10.92,0.351305219632939,0.322711306886265,0.380349850902745
10.93,0.351614584265518,0.323701373792747,0.38084263035625
10.94,0.351925797918838,0.324683325396607,0.3813372742687
10.95,0.352238866800175,0.325657140264961,0.381833782976276
10.96,0.352553795957195,0.326622801100081,0.382332156776019
10.97,0.352870589262844,0.327580294765636,0.38283239594795
10.98,0.353189249582438,0.328529611699218,0.383334500754312
10.99,0.353509778800068,0.329470745872364,0.383838471400991
11,0.353832178000099,0.330403694099131,0.384344308072932
11.01,0.354156447619669,0.331328455471127,0.38485201095343
11.02,0.354482587525994,0.332245031092838,0.385361580220591
11.03,0.354810596999542,0.333153424214104,0.385873016000773
11.04,0.355140474812229,0.334053639908731,0.386386318394634
11.05,0.355472219595342,0.334945683726034,0.386901487514087
11.06,0.355805829840412,0.335829561689985,0.387418523481293
11.07,0.356141303699342,0.336705281072429,0.387937426386915
11.08,0.356478639065412,0.337572850096331,0.388458196291649
11.09,0.356817833801781,0.338432277076083,0.388980833266503
11.1,0.357158885716922,0.339283570510841,0.389505337390019
11.11,0.357501792396408,0.340126739727373,0.39003170871165
11.12,0.357846551293468,0.340961794539623,0.390559947264799
11.13,0.358193159779557,0.341788745037941,0.391090053092292
11.14,0.358541615098138,0.342607601761702,0.391622026240099
11.15,0.358891914256257,0.343418376139881,0.392155866715702
11.16,0.359244054090656,0.344221080216032,0.392691574515438
11.17,0.35959803125962,0.345015726648724,0.393229149644616
11.18,0.359953842227391,0.345802328771356,0.393768592114537
11.19,0.360311483191562,0.34658090092258,0.394309901895249
11.2,0.360670950123932,0.347351458275317,0.394853078930368
11.21,0.361032238783749,0.34811401673131,0.395398123173513
11.22,0.361395344717075,0.348868592922446,0.395945034588909
11.23,0.361760263240751,0.3496152043234,0.396493813119572
11.24,0.36212698945188,0.35035386923352,0.397044458676714
11.25,0.362495518264872,0.351084606587575,0.397596971178386
11.26,0.362865843810562,0.35180744749863,0.398152372812456
11.27,0.363237975255623,0.352522462976383,0.398711689942891
11.28,0.3636119519526,0.353229789829982,0.399274920862686
11.29,0.363987840796897,0.353929636872958,0.399842062996925
11.3,0.364365733016259,0.354622276536537,0.400413113024505
11.31,0.364745739560593,0.355308032778402,0.400988067128082
11.32,0.365127987193456,0.355987270919037,0.401566921161091
11.33,0.365512612548712,0.356660382109443,0.402149670923444
11.34,0.365899757949176,0.35732777244815,0.40273631231703
11.35,0.366289566911962,0.357989851288837,0.403326841476054
11.36,0.366682179094673,0.358647018036943,0.403921254920969
11.37,0.367077728269613,0.359299656921071,0.404519549547543
11.38,0.3674763382661,0.359948126381487,0.405121722694839
11.39,0.367878121982789,0.360592756520384,0.405727772099426
11.4,0.368283179343351,0.36123384373987,0.406337695883542
11.41,0.368691597405893,0.361871651035635,0.406951492493891
11.42,0.369103449902583,0.362506406743701,0.407569160664811
11.43,0.36951879828588,0.363138307277101,0.408190699359116
11.44,0.369937692531576,0.363767519123786,0.408816107732814
11.45,0.370360172457515,0.364394182329447,0.409445385087401
11.46,0.370786269644679,0.365018415361366,0.410078530842166
11.47,0.371216008764535,0.365640318577086,0.41071554450687
11.48,0.371649409099422,0.366259978176148,0.411356425650118
11.49,0.372086487022181,0.366877472483252,0.41200117389466
11.5,0.372527256222717,0.367492872648803,0.412649788888556
11.51,0.372971729718614,0.368106247753837,0.41330227029819
11.52,0.373419921102576,0.368717667983849,0.413958617807998
11.53,0.373871844350345,0.369327204217033,0.414618831096051
11.54,0.374327515381055,0.369934931914339,0.415282909851171
11.55,0.374786951733168,0.370540930339655,0.415950853758344
11.56,0.375250172797836,0.371145283111985,0.416622662502847
11.57,0.37571719993899,0.371748078438201,0.417298335788322
11.58,0.376188055887436,0.3723494076512,0.417977873309032
11.59,0.376662764611546,0.37294936470177,0.418661274789312
11.6,0.377141350790938,0.37354804480579,0.419348539983755
11.61,0.377623839524574,0.37414554388408,0.42003966863121
11.62,0.378110255480863,0.374741956047557,0.42073466052085
11.63,0.378600622566965,0.375337372704452,0.42143351550127
11.64,0.379094963690255,0.375931882268342,0.42213623341364
11.65,0.379593300397691,0.376525569056083,0.422842814116704
11.66,0.380095652045277,0.377118510910548,0.423553257533136
11.67,0.380602035982829,0.377710779843069,0.424267563617166
11.68,0.381112467661927,0.378302442476403,0.424985732311461
11.69,0.381626960104931,0.378893558386972,0.425707763602884
11.7,0.382145524040921,0.379484180512562,0.426433657511753
11.71,0.382668168132351,0.380074355916179,0.427163414045246
11.72,0.383194898955552,0.380664125522511,0.427897033240842
11.73,0.383725721181145,0.381253524564177,0.428634515171728
11.74,0.384260637723059,0.381842583237465,0.429375859885687
11.75,0.384799650000349,0.382431327182988,0.430121067441141
11.76,0.385342758253335,0.383019778141754,0.430870137940224
11.77,0.385889961795008,0.383607954688891,0.431623071509685
11.78,0.386441258387572,0.384195871247438,0.432379868194111
11.79,0.386996645251342,0.384783540043939,0.433140528060994
11.8,0.387556119381461,0.385370971747474,0.433905051229215
11.81,0.388119677531395,0.385958175453159,0.434673437865779
11.82,0.388687315744382,0.386545158133184,0.435445688089764
11.83,0.389259029499547,0.387131924896102,0.436221801972936
11.84,0.389834814266954,0.387718479931209,0.437001779628404
11.85,0.390414665506807,0.388304826535861,0.437785621210673
11.86,0.390998578327321,0.388890966523217,0.438573326865446
11.87,0.391586547415584,0.389476900265162,0.439364896680871
11.88,0.392178567321556,0.390062626963633,0.440160330775347
11.89,0.392774632451848,0.390648144582109,0.440959629309162
11.9,0.39337473687656,0.3912334495068,0.441762792457881
11.91,0.393978874163213,0.39181853669627,0.44256982030932
11.92,0.394587037561668,0.392403399571637,0.443380712963585
11.93,0.395199219994304,0.392988029798882,0.444195470567064
11.94,0.395815414049002,0.393572417286492,0.44501409331064
11.95,0.396435611802223,0.394156550287743,0.44583658134667
11.96,0.397059804836101,0.394740415579513,0.446662934753609
11.97,0.39768798437926,0.395323998202421,0.447493153645055
11.98,0.398320141304023,0.395907281419961,0.448327238178501
11.99,0.398956266108415,0.396490246830921,0.449165188530065
12,0.399596348875877,0.397072874814973,0.450007004805654
12.01,0.400240380310565,0.397655147794749,0.450852385432886
12.02,0.400888347253596,0.398237090653153,0.451701025017889
12.03,0.40154022834534,0.398818809121696,0.452552922851132
12.04,0.402195995453299,0.399400487978441,0.45340807766231
12.05,0.402855614510681,0.399982381164949,0.454266487737019
12.06,0.403519046666852,0.400564798555301,0.455128151129088
12.07,0.404186248994075,0.401148097223369,0.455993065727994
12.08,0.404857176352997,0.401732659876058,0.456861229572188
12.09,0.405531782181654,0.402318885252713,0.457732640905905
12.1,0.406210019454455,0.402907176483428,0.458607298229916
12.11,0.406891842159871,0.403497923896856,0.459485200439104
12.12,0.407577205621895,0.404091500914427,0.460366346766706
12.13,0.408266067547923,0.404688251758873,0.461250736798153
12.14,0.408958388249765,0.405288488740917,0.462138370411721
12.15,0.409654131156764,0.405892486303407,0.463029247731667
12.16,0.410353262779543,0.406500481424678,0.463923369065802
12.17,0.41105575284188,0.407112672277775,0.464820734854404
12.18,0.411761574027691,0.407729221213131,0.465721345622172
12.19,0.412470701807376,0.408350257195984,0.466625201945523
12.2,0.413183114113711,0.408975879540663,0.467532304421867
12.21,0.413898790922098,0.409606163399296,0.468442653657993
12.22,0.414617713910898,0.410241163886271,0.469356250261117
12.23,0.415339866110296,0.410880920266158,0.47027309482336
12.24,0.416065231370774,0.411525462939621,0.471193187940875
12.25,0.416793794248001,0.412174814514266,0.472116530192693
12.26,0.417525539554168,0.412828995678268,0.473043122155887
12.27,0.41826045213986,0.413488027976961,0.473972964410673
12.28,0.418998516834,0.414151934418086,0.474906057525468
12.29,0.419739718164462,0.414820743381728,0.475842402083155
12.3,0.420484040431163,0.415494487479284,0.476781998660289
12.31,0.421231467618198,0.416173205049898,0.477724847845817
12.32,0.421981983442036,0.416856939587894,0.478670950238774
12.33,0.422735571435582,0.417545738655819,0.479620306436056
12.34,0.42349221504031,0.418239653372488,0.48057291706217
12.35,0.424251897681536,0.418938736984514,0.48152878273737
12.36,0.42501460290596,0.419643043471756,0.482487904082298
12.37,0.425780314584556,0.420352625775539,0.483450281747016
12.38,0.426549016916582,0.421067535019624,0.484415916372394
12.39,0.42732069452622,0.421787819450576,0.485384808584206
12.4,0.428095332714695,0.422513522151061,0.486356959023435
12.41,0.428872917393126,0.423244681299742,0.487332368317662
12.42,0.429653435101983,0.423981329797289,0.488311037064229
12.43,0.43043687321547,0.424723493576495,0.489292965861975
12.44,0.4312232198483,0.425471192288221,0.490278155290001
12.45,0.432012463806452,0.4262244396008,0.49126660588514
12.46,0.43280459469706,0.426983242668213,0.492258318178456
12.47,0.433599602846152,0.427747602840027,0.493253292682847
12.48,0.43439747920554,0.428517516136739,0.494251529855964
12.49,0.435198215383044,0.429292973876633,0.495253030147917
12.5,0.436001803608128,0.430073963199739,0.496257794008785
12.51,0.436808236602267,0.430860467460029,0.497265821833605
12.52,0.437617507576819,0.431652466772677,0.498277113982548
12.53,0.438429610196711,0.432449939374747,0.499291670827439
12.54,0.43924453854694,0.433252861716641,0.500309492740129
12.55,0.440062287047286,0.434061208031263,0.501330580024938
12.56,0.440882850461351,0.434874951434617,0.502354932970311
12.57,0.441706223872447,0.435694064821832,0.503382551881687
12.58,0.44253240267005,0.436518520478629,0.504413437058676
12.59,0.4433613825032,0.437348289501261,0.505447588738245
12.6,0.444193159306811,0.438183342813386,0.506485007156618
12.61,0.445027729314271,0.439023651248602,0.507525692564816
12.62,0.445865089030297,0.439869184988322,0.508569645187316
12.63,0.446705235193698,0.440719913566808,0.509616865197196
12.64,0.447548164866783,0.441575806083099,0.510667352778502
12.65,0.44839387545291,0.442436831127979,0.511721108132991
12.66,0.449242364629016,0.443302956365732,0.512778131428289
12.67,0.45009363025386,0.444174148686722,0.513838422758278
12.68,0.450947670558648,0.445050374103374,0.514901982231754
12.69,0.451804484166625,0.445931597709968,0.515968809980284
12.7,0.452664070071996,0.446817783653526,0.517038906149989
12.71,0.453526427413264,0.447708895047048,0.51811227080039
12.72,0.454391555558529,0.448604894120856,0.519188903941159
12.73,0.455259454259139,0.449505742232378,0.520268805606769
12.74,0.4561301236521,0.450411399863671,0.52135197585782
12.75,0.457003564198321,0.451321826670547,0.522438414451806
12.76,0.457879779408102,0.452236988089414,0.523526305155115
12.77,0.45875874817329,0.453156821169545,0.524613914268898
12.78,0.459640398987206,0.454081203562137,0.525701240773378
12.79,0.460524615889545,0.455009963207384,0.526788282847462
12.8,0.461411244706842,0.455942885347619,0.527875038183155
12.81,0.462300099100933,0.456879719331445,0.528961504123868
12.82,0.463190967460127,0.457820186296826,0.530047677792798
12.83,0.464083623700073,0.458763991279378,0.531133556328229
12.84,0.464977831199049,0.459710827553466,0.532219136909101
12.85,0.465873352586853,0.460660387568459,0.533304416906836
12.86,0.466769957253418,0.461612371320022,0.534389393967317
12.87,0.467667423326791,0.462566488540174,0.535474065989685
12.88,0.468565545822337,0.463522467788198,0.536558431176363
12.89,0.469464137021118,0.464480056873917,0.537642487998894
12.9,0.47036303050805,0.46543902736743,0.538726235175866
12.91,0.471262080573912,0.466399173945916,0.539809671640384
12.92,0.472161162965774,0.467360315253453,0.540892796497746
12.93,0.473060173561434,0.468322292445442,0.541975608998341
12.94,0.473959026529753,0.469284967174535,0.54305810850339
12.95,0.474857652266157,0.470248219329425,0.544140294454174
12.96,0.475755995490612,0.471211944935296,0.545222166369852
12.97,0.476654011204764,0.472176051722883,0.546303723807759
12.98,0.477551662789552,0.473140457035846,0.547384966359489
12.99,0.478448920281751,0.474105085939996,0.548465893652503
13,0.479345756125567,0.475069866568155,0.549546505324307
13.01,0.480242144694886,0.476034729603063,0.550626801027516
13.02,0.481138060660098,0.4769996064998,0.551706780426721
13.03,0.482033476279212,0.477964426530573,0.552786443187594
13.04,0.482928362404981,0.478929117905176,0.553865788985994
13.05,0.483822686911071,0.479893606073934,0.554944817503225
13.06,0.484716414496818,0.480857813538385,0.556023528426714
13.07,0.48560950763651,0.481821660906962,0.557101921456758
13.08,0.486501926246528,0.482785066578988,0.558179996305144
13.09,0.487393628549314,0.483747947709514,0.559257752698759
13.1,0.488284571706275,0.484710220909669,0.560335190384202
13.11,0.489174712836007,0.485671803429196,0.561412309127162
13.12,0.490064009667232,0.486632613883595,0.562489108713109
13.13,0.490952420884011,0.487592572620177,0.563565588951631
13.14,0.491839907334583,0.488551603099672,0.564641749672908
13.15,0.492726432957747,0.489509632937125,0.565717590725268
13.16,0.493611964373709,0.490466593430926,0.56679311197771
13.17,0.494496471349885,0.491422420093063,0.567868313318568
13.18,0.495379927890692,0.492377053879132,0.568943194647753
13.19,0.496262311775895,0.49333044066968,0.570017755878045
13.2,0.497143604114845,0.494282530770134,0.57109199693835
13.21,0.498023789872004,0.49523327951307,0.572165917764749
13.22,0.498902857631912,0.496182646998935,0.573239518298984
13.23,0.49978079900087,0.497130597422434,0.574312798494663
13.24,0.500657608516907,0.498077098982547,0.57538575831254
13.25,0.501533283247897,0.499022123445304,0.576458397715324
13.26,0.502407822132138,0.499965645414801,0.577530716667343
13.27,0.50328122674663,0.500907643158863,0.578602715148028
13.28,0.504153500368727,0.501848097585876,0.57967439314297
13.29,0.505024647073166,0.502786991256738,0.580745750637673
13.3,0.505894671732062,0.503724308384861,0.581816787617551
13.31,0.506763580034801,0.504660034852779,0.582887504069802
13.32,0.50763137885378,0.505594158586181,0.583957899996346
13.33,0.508498075856072,0.506526669146846,0.585027975404021
13.34,0.509363678911951,0.507457557077291,0.586097730300026
13.35,0.51022819608384,0.508386813886854,0.587167164692227
13.36,0.511091636125375,0.509314432591441,0.588236278592978
13.37,0.511954008511284,0.510240407740224,0.58930507202399
13.38,0.512815323101385,0.511164735043915,0.590373545007745
13.39,0.513675590209646,0.512087411448551,0.591441697566072
13.4,0.514534820789901,0.513008435334474,0.592509529719052
13.41,0.515393026535932,0.513927806614149,0.593577041497673
13.42,0.516250219703812,0.514845526529487,0.59464423293938
13.43,0.517106413329846,0.515761597884858,0.59571110407801
13.44,0.51796162123211,0.516676025048742,0.596777654943753
13.45,0.518815858010529,0.517588813953528,0.597843885563293
13.46,0.519669139040935,0.518499972060556,0.598909795971161
13.47,0.52052148043157,0.51940950830017,0.599975386205966
13.48,0.521372899010473,0.520317433064363,0.60104065630323
13.49,0.522223412297174,0.521223758159936,0.602105606298787
13.5,0.523073038456729,0.522128496747565,0.603170236248361
13.51,0.523921792525896,0.523031658068038,0.604232660462823
13.52,0.524769665469977,0.52393322641341,0.605291001038874
13.53,0.525616604730906,0.524833141688903,0.606345257764267
13.54,0.526462513028798,0.525731296886268,0.607395430169218
13.55,0.527307254402572,0.526627544494028,0.608441517631378
13.56,0.528150661547022,0.527521704278825,0.609483519468471
13.57,0.528992540463387,0.528413568221481,0.610521435000142
13.58,0.529832681791409,0.529302912541203,0.611555263663152
13.59,0.530670868790649,0.53018950616549,0.612585005071966
13.6,0.531506880752318,0.531073114348767,0.613610659025373
13.61,0.532340503696252,0.531953510021149,0.614632225540095
13.62,0.533171534567039,0.532830478237611,0.615649704835035
13.63,0.533999784352012,0.533703819479225,0.616663097306956
13.64,0.534825083527513,0.534573355425653,0.6176724034795
13.65,0.535647281967075,0.535438928847623,0.618677623982432
13.66,0.536466251657633,0.536300406476895,0.619678759482789
13.67,0.537281885030576,0.537157677224018,0.620675810683914
13.68,0.538094094988212,0.538010652188658,0.621668778263784
13.69,0.538902812810745,0.538859262427506,0.622657662887206
13.7,0.539707985812331,0.539703456447043,0.623642465183071
13.71,0.54050957475595,0.540543197442744,0.624623185725463
13.72,0.541307552270448,0.541378461611363,0.625599825079627
13.73,0.542101898265427,0.542209233255931,0.62657238376533
13.74,0.542892597992988,0.543035502717714,0.627540862267173
13.75,0.543679641554943,0.543857265845826,0.628505261081594
13.76,0.544463019101347,0.544674518872385,0.629465580682872
13.77,0.545242720073107,0.545487257600208,0.630421821534419
13.78,0.546018733510389,0.546295477722106,0.631373984124205
13.79,0.546791045001366,0.547099171558704,0.632322068933398
13.8,0.547559637339917,0.547898328751015,0.633266076455986
13.81,0.54832449050345,0.548692936224562,0.634206007209304
13.82,0.549085580950583,0.549482977426403,0.635141861704083
13.83,0.549842882836246,0.550268433612375,0.636073640479416
13.84,0.550596368314667,0.551049284152596,0.637001344088233
13.85,0.551346008153441,0.551825507169508,0.637924973063099
13.86,0.552091772520879,0.552597080372982,0.638844527967351
13.87,0.552833631610194,0.553363981708426,0.639760009387135
13.88,0.55357155707522,0.554126190862823,0.640671417866188
13.89,0.554305522386803,0.554883689639943,0.641578753916094
13.9,0.555035502695131,0.555636461810986,0.642482018099398
13.91,0.555761475819945,0.556384494146208,0.643381210962721
13.92,0.556483423461679,0.557127777687649,0.644276332987867
13.93,0.557201330759268,0.557866307277008,0.645167384619924
13.94,0.557915185540015,0.558600080752046,0.646054366340589
13.95,0.558624979342533,0.55932910001454,0.646937278586512
13.96,0.5593307073156,0.56005337091362,0.647816121732462
13.97,0.560032367532686,0.560772902514535,0.648690896150695
13.98,0.560729960975957,0.561487707071321,0.649561602216673
13.99,0.561423491165622,0.562197799614953,0.650428240246071
14,0.562112963849047,0.562903197619293,0.651290810500278
14.01,0.562798386806693,0.563603920792791,0.652149313273883
14.02,0.563479769597279,0.564299990793026,0.653003748856703
14.03,0.564157122658718,0.56499143025642,0.653854117480025
14.04,0.564830457257478,0.565678262742928,0.654700419321495
14.05,0.56549978571803,0.566360512974882,0.655542654592323
14.06,0.566165121288704,0.567038206685887,0.656380823525594
14.07,0.566826477194031,0.567711369596765,0.657214926303489
14.08,0.567483866594022,0.568380027370728,0.658044963056354
14.09,0.568137303181552,0.569044206243397,0.658870933927339
14.1,0.568786801100389,0.56970393292947,0.659692839098429
14.11,0.569432374427856,0.570359234058144,0.660510678707728
14.12,0.570074037212539,0.571010136210213,0.661324452843618
14.13,0.570711803896227,0.57165666636211,0.662134161600698
14.14,0.571345689281847,0.572298851847414,0.662939805121944
14.15,0.571975708399436,0.57293672019998,0.663741383504676
14.16,0.572601876531039,0.573570299178405,0.664538896790543
14.17,0.573224209406156,0.574199616968634,0.665332344981941
14.18,0.573842723302369,0.574824702289468,0.666121728182456
14.19,0.57445743491698,0.575445584243404,0.666907046484271
14.2,0.575068361421762,0.576062292368714,0.667688299913779
14.21,0.575675520462966,0.576674856639444,0.668465488431581
14.22,0.576278930187577,0.577283307490193,0.669238611988911
14.23,0.576878609254643,0.577887675816115,0.670007670618427
14.24,0.57747457672867,0.578487992859052,0.670772664297472
14.25,0.578066852067733,0.579084290189959,0.671533592990622
