-1,1,1
-1,1,1
-1,1,1
-1,1,1
-1,1,1
-1,1,1
-1,1,1
-1,1,1
-1,1,1
-1,1,1
-1,1,1
-1,1,1
-1,1,1
-1,1,1
-1,1,1
-1,1,1
-1,1,1
-1,1,1
-1,1,1
-1,1,1
-1,1,1
-1,1,1
-1,1,1
-1,1,1
-1,1,1
-1,1,1
-1,1,1
-1,1,1
-1,1,1
-1,1,1
-1,1,1
-1,1,1
-1,1,1
-1,1,1
-1,1,1
-1,1,1
-1,1,1
-1,1,1
-1,1,1
-1,1,1
-1,1,1
-1,1,1
-1,1,1
-1,1,1
-1,1,1
-1,1,1
-1,1,1
-1,1,1
-1,1,1
-1,1,1
-1,1,1.00000338059303
-0.999999879401022,1.00000001768476,1.00000946820388
-0.999999639371536,1.00000005288253,1.00001772327403
-0.999999160996334,1.00000012303152,1.0000277137156
-0.999998446770272,1.00000022776501,1.00003909340532
-0.999997380049898,1.00000038418839,1.00005158515798
-0.999995964909049,1.00000059170289,1.00006496691795
-0.999994087491757,1.00000086700537,1.0000790608406
-0.999991753751655,1.00000120922087,1.00009372444011
-0.99998885307619,1.00000163457083,1.00010884357933
-0.999985393617641,1.00000214185729,1.00012432680907
-0.999981268411463,1.0000027467669,1.00014010085349
-0.999976488125886,1.0000034477322,1.00015610700713
-0.999970949803042,1.00000425985241,1.00017229820951
-0.999964666930107,1.00000518114613,1.00018863677199
-0.999957540871915,1.00000622607881,1.00020509246107
-0.999949588214867,1.00000739221403,1.00022164108739
-0.99994071492173,1.00000869334308,1.0002382632262
-0.999930940930091,1.00001012653765,1.00025494336795
-0.999920177036033,1.00001170488036,1.00027166903859
-0.999908446748189,1.00001342491879,1.00028843031808
-0.999895665891913,1.0000152989982,1.00030521920914
-0.999881861732116,1.00001732311494,1.00032202939886
-0.999866955280111,1.00001950885395,1.00033885577964
-0.999850977706003,1.00002185163859,1.00035569437298
-0.999833855324579,1.0000243622763,1.00037254194183
-0.999815623322713,1.00002703560114,1.00038939602377
-0.999796213397132,1.00002988163156,1.00040625459676
-0.999775664825188,1.00003289460159,1.00042311618697
-0.999753914725242,1.00003608373491,1.00043997956447
-0.999731006500866,1.00003944266033,1.00045684390264
-0.99970688269342,1.0000429798066,1.00047370848957
-0.999681590830735,1.00004668819765,1.00049057292345
-0.999655078840893,1.00005057547265,1.00050743683145
-0.999627398336919,1.00005463405641,1.00052430009027
-0.999598502560593,1.00005887080926,1.00054116254818
-0.999568447134881,1.00006327756798,1.00055802426281
-0.99953719050664,1.00006786042997,1.0005748852245
-0.999504792198532,1.00007261066018,1.00059174560554
-0.999471215719668,1.00007753361405,1.00060860548445
-0.999436524348616,1.00008262000581,1.00062546510213
-0.999400686481349,1.00008787447461,1.00064232458765
-0.999363768976727,1.00009328720972,1.00065918421772
-0.999325744911463,1.00009886216427,1.00067604414505
-0.999286684519196,1.00010458903268,1.00069290465816
-0.999246565322595,1.00011047111645,1.00070976591378
-0.99920546069681,1.00011649764938,1.00072662819434
-0.999163352349267,1.0001226713196,1.00074349164601
-0.999120316537925,1.00012898093822,1.00076035653161
-0.999076338869768,1.00013542862181,1.00077722297593
-0.999031363693698,1.00014202251605,1.0009460639884
-0.998981290387724,1.0001497455571,1.00124923091142
-0.998927319950234,1.00015829737814,1.00166823931077
-0.998864479316956,1.00016891770954,1.00218500267424
-0.998794872158417,1.00018099842571,1.00278286834802
-0.998713006048269,1.00019603334167,1.00344713362721
-0.99862134272785,1.00021314833146,1.00416532299297
-0.998514359442387,1.0002340384672,1.00492698005674
-0.99839441860638,1.00025763808193,1.00572359108167
-0.998256259437324,1.00028576822766,1.0065481386139
-0.998101956182774,1.00031724632841,1.00739502676933
-0.997926599364542,1.00035394843428,1.00825962898225
-0.9977319503349,1.0003946336847,1.00913831013086
-0.997513447770025,1.00044117864845,1.01002801687934
-0.997272575300843,1.00049232361955,1.01092639021362
-0.997005089096091,1.00054990880945,1.01183139290279
-0.99671224404222,1.00061267908889,1.01274148793198
-0.996390080163354,1.00068241544486,1.01365529039195
-0.99603967087824,1.00075787949015,1.01457179081028
-0.995657311007779,1.00084077982453,1.01549002182756
-0.995243934084959,1.00092989986175,1.01640931147516
-0.994796066912076,1.0010268688717,1.01732895872377
-0.994314538882953,1.00113049300459,1.01824850646685
-0.993796092031566,1.00124231906091,1.01916742274227
-0.993241482515188,1.00136117468236,1.02008538638006
-0.992647656261711,1.00148852331998,1.02100197245433
-0.992015323437061,1.00162321187214,1.02191694567618
-0.991341627230339,1.00176662088769,1.02282994970961
-0.990627256472424,1.00191761399073,1.02374080482514
-0.989869549019174,1.00207749007146,1.02464920132018
-0.989069195284369,1.00224512702913,1.02555499895479
-0.988223728586244,1.00242174385942,1.02645792497283
-0.987333862702437,1.00260623054087,1.02735787356772
-0.986397329913613,1.00279972834408,1.02825460895996
-0.985414888346389,1.00300113742684,1.02914806365592
-0.984384474670291,1.00321152389166,1.0300380467277
-0.98330691162861,1.00342979642198,1.03092453994856
-0.982180346730553,1.00365694893096,1.03180741088672
-0.981005686710078,1.00389189711142,1.0326867061319
-0.979781296372155,1.00413556613683,1.03356236816675
-0.978508184513926,1.00438687719248,1.03443452488086
-0.977184938611098,1.00464669066583,1.03530320863329
-0.975812685695333,1.00491393158728,1.03616864119444
-0.974390239137478,1.00518940001008,1.03703095324831
-0.972918857737322,1.00547202295313,1.03789046396812
-0.971397580882827,1.00576254502955,1.03874739967384
-0.969827809238954,1.00605989319129,1.03960216754685
-0.968208804498399,1.00636476184457,1.04045507328612
-0.966542115097231,1.0066760757375,1.04130658894458
-0.964827217072576,1.00699448450389,1.04215707092524
-0.963060975825317,1.00731953460568,1.04310841233072
-0.961240370047565,1.00765263291466,1.04414344400264
-0.959368847549548,1.0079920290858,1.04524702663911
-0.957442890547465,1.00833949777901,1.0464057149363
-0.955466123880257,1.00869298378535,1.04760851618312
-0.953434936422939,1.00905449639859,1.04884599313032
-0.951352821753983,1.00942181918575,1.05011079394539
-0.949216370641663,1.00979705084254,1.05139664274242
-0.947028854247988,1.01017793139798,1.05269885145388
-0.944787202897586,1.01056654133824,1.05401337838732
-0.942494489841941,1.01096065082426,1.05533736586867
-0.940148029186726,1.01136226045403,1.0566682964798
-0.937750757032373,1.01176920638028,1.0580045471052
-0.935300372467824,1.01218338217588,1.05934462919066
-0.932799736401945,1.01260270136073,1.06068774396731
-0.930246915319375,1.01302894427254,1.06203308848366
-0.927644746120765,1.01346009988908,1.06338040122424
-0.924991636513518,1.0138978401049,1.06472932075431
-0.922290436818589,1.01434022144673,1.06607991544324
-0.919539865512276,1.0147888170839,1.06743208739396
-0.916742810320793,1.01524174141552,1.06878608269659
-0.913898267877086,1.01570048011079,1.07014193745265
-0.911009175480332,1.01616319627482,1.07149996608202
-0.908074774598298,1.01663129900378,1.07286024837019
-0.905098054694369,1.01710299254394,1.07422309345697
-0.902078469310258,1.01757961918433,1.07558856744115
-0.899019055571965,1.0180594187268,1.07695693047141
-0.895919448031203,1.01854367494091,1.07832820427365
-0.892782722300693,1.01903065953808,1.07970257973366
-0.8896086654675,1.01952160457534,1.08108002335318
-0.886400379884082,1.02001481170583,1.08246065305054
-0.883157779840921,1.02051146676855,1.08384438229268
-0.87988398175218,1.02100990071655,1.0852312624883
-0.876579005121115,1.0215112575987,1.08662116343674
-0.873245967957778,1.0220138979924,1.08801408147946
-0.869884976231074,1.02251892777913,1.08940985489374
-0.86649913799274,1.02302473813073,1.09080843773986
-0.863088629875626,1.02353239981723,1.09220964883672
-0.859656539682524,1.02404033595983,1.09361341189255
-0.85620310145243,1.02454958490206,1.09501953668946
-0.852731373820303,1.02505860325648,1.09642792657729
-0.849241637088558,1.02556839940038,1.09783839045535
-0.845736913130979,1.02607746502628,1.09925081904819
-0.842217519078488,1.02658678088053,1.10066502621501
-0.838686433642676,1.02709487527696,1.10208089563898
-0.835144002695204,1.02760270360143,1.10349824993223
-0.831593156402224,1.02810883222486,1.10491696948897
-0.82803426232926,1.02861419340767,1.10633688779939
-0.824470197544041,1.02911739287542,1.10775788426862
-0.820901345045782,1.02961934197013,1.10917980411409
-0.817330400863909,1.03011855064179,1.11065486816657
-0.813756258359703,1.03061657384931,1.11217307090998
-0.810182131063015,1.03111180422482,1.11372616298127
-0.806606730603866,1.03160594880347,1.11530735364731
-0.803033320844419,1.03209729486545,1.1169111481526
-0.799460559576087,1.03258762100252,1.11853306862012
-0.795891665756578,1.03307518220903,1.12016951610981
-0.792325321346127,1.03356176996606,1.12181756661807
-0.788764644218685,1.03404565626714,1.12347487053581
-0.785208377602668,1.03452860861595,1.12513952055914
-0.781659510288602,1.03500894503784,1.12680997688029
-0.778116858129875,1.03548838861806,1.12848499146651
-0.774583269438802,1.03596531832512,1.13016354666273
-0.771057630117229,1.03644140307803,1.13184482142106
-0.767542645210307,1.03691508888629,1.13352813479994
-0.764037261416334,1.03738798710677,1.13521294320225
-0.76054404168543,1.03785861177558,1.13689878366039
-0.757061981569001,1.03832851680417,1.13858529421303
-0.753593504604035,1.03879628245464,1.14027215418331
-0.750137642600697,1.0392634071076,1.1419591220839
-0.746696682679013,1.03972853404073,1.14364597153913
-0.743269680646197,1.04019310883344,1.14533254268158
-0.73985878999732,1.04065583394016,1.14701867323015
-0.736463079047712,1.04111810514518,1.14870426041935
-0.733084570090603,1.04157868003892,1.15038918724212
-0.729722333408895,1.04203890761358,1.1520733926901
-0.726378262163749,1.0424975965746,1.1537567934457
-0.723051419070793,1.04295605198881,1.15543936071739
-0.719743569979508,1.04341312978266,1.15712103781127
-0.716453761522028,1.04387009377452,1.15880182219434
-0.713183633950337,1.04432584338994,1.16048167944856
-0.709932210319034,1.04478160367386,1.16216062943733
-0.706701007045582,1.04523631401469,1.16383865718118
-0.703489017143423,1.04569116296436,1.16551580217119
-0.700297635157705,1.04614512652292,1.16719206672709
-0.697125818643218,1.04659935884945,1.16886750761938
-0.693974842569293,1.04705286938427,1.17054214248982
-0.69084362468068,1.04750677982827,1.17221604302695
-0.687733323113623,1.04796013006581,1.17388924005153
-0.684642812535783,1.04841401112085,1.17556181754826
-0.68157313752248,1.04886749049875,1.1772338170453
-0.67852312749105,1.04932163018273,1.17890533184558
-0.675493717308345,1.04977552265062,1.1805764113564
-0.672483690056175,1.05023020234095,1.18224715489236
-0.669493875342652,1.05068478423411,1.18391761663311
-0.66652300989085,1.05114027658226,1.18558789839006
-0.663571823081033,1.05159581458286,1.18725805588238
-0.6606390062672,1.05205238152351,1.1889281898749
-0.657725194167697,1.05250913072388,1.19059835445949
-0.654829034697535,1.05296702159362,1.19226864598562
-0.651951816852993,1.05342523848479,1.19397978087253
-0.649090766266226,1.05388522558709,1.19572418254619
-0.646246457829468,1.05434597661895,1.19749557370833
-0.643416035799214,1.05480902168861,1.19928893243285
-0.640600154029697,1.05527327519782,1.20110011248004
-0.637795929660167,1.05574030680251,1.20292583594122
-0.635004030653495,1.05620898991714,1.20476338131791
-0.632221585976883,1.05668089915213,1.20661061389137
-0.629449239282515,1.0571548927291,1.20846574155108
-0.626684157071877,1.05763252652947,1.21032736639175
-0.623926939611273,1.05811265947269,1.21219429729039
-0.621174807114066,1.0585968133999,1.2140656079282
-0.618428309781755,1.05908385690035,1.21594049520015
-0.615684731575661,1.0595752683022,1.21781833377258
-0.612944573265661,1.06006993035325,1.21969857163372
-0.610205188907599,1.06056927226041,1.22158077538988
-0.6074670345055,1.06107219266787,1.22346455637189
-0.60472753845585,1.06158006854085,1.22534960365636
-0.60198711872426,1.06209181455331,1.227235635741
-0.599243281165736,1.0626087538922,1.22912242003746
-0.596496413369819,1.06312981651748,1.23100974626815
-0.593744101215998,1.063656271312,1.23289743224903
-0.590986709900408,1.06418706234994,1.23478531596144
-0.588221907675552,1.06472340433982,1.23667324807544
-0.585450045330938,1.06526425414178,1.23856110021602
-0.582668875812296,1.0658107728593,1.24044874503456
-0.579878743344501,1.06636192881428,1.24233607859468
-0.577077487959157,1.06691883038454,1.24422298898495
-0.574265454953637,1.0674804561255,1.24610939104843
-0.571440573955185,1.06804786280245,1.24799518460833
-0.568603198748153,1.06862003812159,1.2498802999917
-0.56575135118863,1.0691979885388,1.25176464695169
-0.562885400736694,1.06978070999663,1.25364816961337
-0.560003464211124,1.07036916011006,1.25553078714618
-0.557105933706011,1.07096234231822,1.25741245690347
-0.55419102379013,1.07156116701551,1.25929310784299
-0.55125915590332,1.0721646445682,1.26117271075085
-0.548308645136202,1.07277363991482,1.26305120533724
-0.545339948706671,1.07338716993847,1.26492857653581
-0.542351484895007,1.07400605602609,1.2668047761249
-0.539343752797866,1.07462932131135,1.26867980417826
-0.536315276343351,1.07525774566905,1.27055362598539
-0.533266602204386,1.07589035834435,1.2724262578019
-0.530196362086568,1.07652789986889,1.27429767977278
-0.527105155444421,1.07716940557051,1.27616792519174
-0.523991723435517,1.07781557892834,1.27803699007451
-0.520856722906895,1.07846546141908,1.27990492518835
-0.517699005559764,1.07911972187065,1.2817717428834
-0.514519289540724,1.07977740805739,1.28363751119757
-0.511316537483121,1.08043915665348,1.28550225853616
-0.508090974827971,1.08110410050439,1.28739023615169
-0.504841180672065,1.08177336050583,1.28929658193419
-0.501568195603359,1.08244588285564,1.29121744355187
-0.498270615103351,1.08312281385827,1.29314968414215
-0.494949556487822,1.08380306836265,1.29509085960086
-0.491603674780703,1.08448779094223,1.2970389698051
-0.488234153604749,1.08517588363131,1.2989924924559
-0.484839735562571,1.08586847180433,1.30095016832944
-0.481421665143566,1.08656445599922,1.3029110745541
-0.47797878907492,1.08726493207014,1.30487443289778
-0.474512410139749,1.08796880540556,1.3068397089166
-0.47102148757839,1.08867713687989,1.30880643561249
-0.467507381161887,1.0893888399016,1.31077432883938
-0.463969165388939,1.09010493804843,1.31274312157453
-0.460408255912777,1.09082435401398,1.31471268894685
-0.45682384135314,1.09154807371764,1.31668289041833
-0.453217391703091,1.09227502934679,1.31865369982863
-0.449588205890761,1.0930061699725,1.32062505413081
-0.445937805942573,1.09374043697075,1.32259698518144
-0.442265595443027,1.09447874404241,1.32456947452297
-0.438573145262612,1.09522004127036,1.32654258451806
-0.434859956746873,1.09596520881332,1.32851631917927
-0.431127645554336,1.09671320500512,1.33049075281672
-0.427375803093638,1.09746487844284,1.3324658971967
-0.423606084986635,1.09821919539554,1.33444182625609
-0.419818164540272,1.09897697491205,1.33641855000337
-0.416013731888616,1.09973719107857,1.33839613412683
-0.412192533864874,1.10050063537253,1.34037458108733
-0.408356289197254,1.10126628979733,1.34235394365796
-0.404504809865361,1.10203492016208,1.34433421363552
-0.400639836964209,1.10280551670247,1.34631542852515
-0.396761239381093,1.10357882137211,1.34829756824155
-0.392870774184571,1.10435383315124,1.35028065430921
-0.388968359177599,1.10513127185686,1.35226465485074
-0.385055760964719,1.10591014589705,1.35424957581894
-0.381132938587416,1.10669115458099,1.35623537448869
-0.377201661801072,1.10747331656879,1.35822204237332
-0.37326192356053,1.10825731220819,1.36020952735394
-0.369315490510962,1.10904217134507,1.36219780805959
-0.365362382559384,1.10982855683913,1.36418682468766
-0.361404357152438,1.11061551073476,1.36617654474337
-0.357441454545109,1.11140367981305,1.36816690252902
-0.353475417098799,1.11219211938027,1.37015785624299
-0.349506299148718,1.11298146149228,1.37214933604505
-0.345535822299011,1.11377077580529,1.37414129260703
-0.341564049004695,1.1145606809537,1.37613365359777
-0.337592674656658,1.11535026203331,1.37812636385662
-0.333621764143121,1.1161401255156,1.38011935008483
-0.329652981395296,1.11692937300688,1.38211255287973
-0.325686388287412,1.1177186000319,1.38410589936986
-0.321723659812685,1.11850691430442,1.38611296061597
-0.317764705909412,1.11929558579253,1.38813097161739
-0.313811164455415,1.12008370003844,1.39015770234124
-0.309862906424644,1.12087253171949,1.39219135239709
-0.305921546270781,1.12166116263647,1.39423046619294
-0.301986923900764,1.12245085688691,1.39627386803533
-0.298060616929433,1.1232407030982,1.39832060258631
-0.294142437446926,1.12403194477521,1.40036989832348
-0.290233915934544,1.12482368323,1.40242112331733
-0.286334836938622,1.12561713500255,1.40447376842322
-0.282446675821134,1.12641141688118,1.40652741176269
-0.278569188045661,1.12720771448727,1.40858171579136
-0.274703787544989,1.12800516095694,1.41063639628389
-0.270850198125765,1.12880490861647,1.41269122934989
-0.267009767211229,1.12960610665962,1.41474602232368
-0.263182183850495,1.130409872766,1.41680062807941
-0.259368724813296,1.13121537122141,1.41885491625723
-0.255569041099455,1.13202368437956,1.42090879306396
-0.251784335438611,1.1328339902833,1.42296217192315
-0.248014217525662,1.13364733573275,1.42501499749003
-0.244259813322237,1.13446291101397,1.42706721522913
-0.240520688160497,1.13528172746031,1.42911879872489
-0.236797889120157,1.1361029860267,1.43116971795535
-0.233090934432562,1.13692766289645,1.43321996920936
-0.229400790785227,1.1377549681323,1.43526954199619
-0.225726926987086,1.13858584326119,1.43731845102967
-0.222070228435691,1.13941950595295,1.43936670182768
-0.218430112691418,1.14025686371456,1.4414143243213
-0.214807383593466,1.1410971404137,1.44346133727745
-0.21120140618693,1.14194121029309,1.44550778315518
-0.207612903129723,1.14278830212238,1.44755369154278
-0.204041186293618,1.14363925773742,1.44959911492541
-0.200486898186529,1.1444933096436,1.45164409137265
-0.196949297491021,1.14535126821453,1.4536886809086
-0.193428948247388,1.14621236866792,1.45573292772047
-0.189925056591596,1.14707739093398,1.45777689683978
-0.186438110411979,1.14794557207277,1.45982063616769
-0.182967264597305,1.14881766265204,1.46186421318701
-0.17951293379937,1.14969290086621,1.46390767711622
-0.176074223596097,1.15057200905228,1.46595109537869
-0.172651478869301,1.15145422599917,1.46799451620404
-0.169243758422414,1.15234024698478,1.47003800458599
-0.165851341323255,1.1532293110245,1.47208160564651
-0.162473242685165,1.15412208753896,1.47412537981845
-0.15910968013569,1.15501781557442,1.47616936727607
-0.15575962866664,1.15591713991747,1.47821362208487
-0.1524232491789,1.15681929961957,1.48025817798185
-0.14909948052335,1.1577249160704,1.48230308124443
-0.145788431847765,1.15863322846528,1.48434835807759
-0.14248901017835,1.15954483604162,1.48639404596715
-0.139201381289308,1.16045900229512,1.48844907386992
-0.135924730038576,1.16137729507623,1.49051163040327
-0.132659073066178,1.16229892127339,1.49258025041499
-0.129403563087801,1.16322542329361,1.49465377081955
-0.126158192030781,1.16415599990778,1.49673124807707
-0.122922084797393,1.16509215584092,1.49881193418338
-0.119695207176935,1.16603308644505,1.50089521989464
-0.116476660707595,1.16698025073384,1.50298062193973
-0.113266385756202,1.1679328421628,1.50506774492309
-0.110063464982062,1.1688922688228,1.50715627389524
-0.106867815422198,1.16985772193777,1.50924595015931
-0.103678505330426,1.17083055532337,1.51133656548357
-0.10049543136544,1.17180995663619,1.51342794860067
-0.0973176518056392,1.17279722329711,1.51551995877185
-0.0941450463965434,1.17379153759723,1.51761248079366
-0.0909766678038882,1.17479413928156,1.51970541655263
-0.0878123826112331,1.17580420334645,1.52179868701641
-0.0846512421474355,1.17682291117668,1.52389222102019
-0.0814931037219217,1.17784942861425,1.52598596314293
-0.0783370214990747,1.17888487845165,1.52807985935845
-0.0751828474406266,1.17992841570636,1.5301738699671
-0.0720296426018046,1.18098110471469,1.53226795199974
-0.0688772574971905,1.18204208825881,1.5343620765463
-0.0657247639996121,1.18311237267514,1.53645620796828
-0.0625720150081917,1.18419108739827,1.53855032507362
-0.0594180970017122,1.185279181514,1.54064439730349
-0.0562628689972638,1.18637577031526,1.54273840927157
-0.053105435720659,1.18748174666312,1.54483233416262
-0.0499456659208713,1.18859621124016,1.54692616119846
-0.0467826860559026,1.18972000197375,1.54901986653211
-0.0436163780842744,1.19085220479103,1.55111344323177
-0.0404458935163378,1.19199360423162,1.55320686998289
-0.0372711308468736,1.19314327163761,1.55530014320196
-0.0340912697835957,1.19430193995042,1.55739324387436
-0.0309062285189787,1.19546866639988,1.55948617142576
-0.0277152179162823,1.19664413434893,1.56157890902979
-0.0245181788468358,1.19782738767307,1.56367145887842
-0.0213143560872732,1.19901906239077,1.56576380629268
-0.0181037159723968,1.20021819004589,1.56785595604645
-0.0148855397342268,1.20142536174211,1.56994789560693
-0.0116598217413506,1.20263959795599,1.57203963217995
-0.00842588199009312,1.20386144748121,1.5741311553963
-0.00518374521965524,1.20508992120795,1.57622247476082
-0.00193277224774523,1.20632552837731,1.57831358208723
0.0013269797327176,1.20756727196438,1.58040448904883
0.00459610729705774,1.20881562454408,1.58249518964861
0.00787451898999082,1.21006958301129,1.58458569758607
0.0111627672856008,1.21132958626575,1.58667600903233
0.0144607249525288,1.21259462709385,1.5887661395454
0.0177688991797367,1.21386511379147,1.59085608740232
0.0210871877092009,1.21514006434711,1.59295171702185
0.024415006046435,1.21642123305781,1.59505191402481
0.0277521492143804,1.21770759955887,1.59715578413801
0.0310980070859779,1.21900086160365,1.59926260948936
0.0344523501445367,1.22030000593422,1.6013718155931
0.0378145455618876,1.22160666635206,1.60348293797886
0.0411843408526188,1.22291983729397,1.60559560712555
0.0445610838767298,1.22424108446709,1.60770952018641
0.0479445017030088,1.22556940860221,1.60982443899436
0.0513339265422158,1.22690630521045,1.61194016363835
0.0547290681310397,1.22825077894153,1.61405654021641
0.0581292468424654,1.22960425428405,1.61617343432539
0.061534158544081,1.23096573707042,1.61829074626431
0.0649431156459373,1.23233658075366,1.6204083833407
0.068355803797798,1.23371578961266,1.62252628089714
0.0717715313251649,1.23510464659478,1.62464437287515
0.0751899773918922,1.23650215189666,1.62676261747389
0.078610450078243,1.23790951887959,1.6288809657554
0.082032625802254,1.23932574145167,1.63099939102846
0.0854558161682414,1.2407519646135,1.63311785549713
0.0888796985472785,1.2421871741607,1.63523634264865
0.0923035917439694,1.24363244822014,1.6373548220853
0.0957271777055667,1.24508676306035,1.63947328431787
0.0991497860023355,1.24655113166019,1.64159170400726
0.102571106680147,1.2480245197626,1.64371007664756
0.105990483514894,1.24950787715045,1.64582838049605
0.10940761805358,1.25100015845281,1.64794661468708
0.112821871579526,1.2525022524261,1.65006476015851
0.116232960407439,1.25401310239306,1.65218281877905
0.119640266479579,1.2555335384619,1.65430077359283
0.123043523994447,1.2570624928321,1.65641862857469
0.126442138542157,1.25860073953966,1.6585363685173
0.12983586515634,1.26014720019469,1.66065399905511
0.133224135888205,1.2617025955211,1.66277150651278
0.136606729378372,1.26326583739614,1.66488889786211
0.139983106762509,1.26483759615917,1.66700616083889
0.14335307286503,1.26641677510333,1.66912330351942
0.14671612032411,1.26800399725898,1.67124031499648
0.150072082513143,1.26959815874384,1.67335720428424
0.153420485768964,1.2711998384816,1.67547396182459
0.156761194150129,1.27280792705007,1.67759059745152
0.160093769648964,1.27442296257258,1.67970710297718
0.163418108898452,1.27604383191607,1.68182348896995
0.16673381124612,1.27767103579034,1.68393974864626
0.170040807523822,1.27930345934146,1.68605589324034
0.173338735859348,1.28094156930931,1.68817191740377
0.176627562625779,1.28258425123852,1.69028783296924
0.179906965865015,1.28423194137638,1.69240363603573
0.183176948535751,1.28588352788496,1.69451933895339
0.186437229421885,1.28753942000768,1.69663493924857
0.189687797933609,1.28919852914569,1.69875579013062
0.192927359789441,1.29086218958423,1.70088069668816
0.196156010439132,1.29252928581216,1.70300870769638
0.199372503144291,1.29420111295359,1.70513904274509
0.202576974089122,1.29587656584363,1.70727108740235
0.205768232303817,1.2975568942483,1.70940433071515
0.20894645610442,1.29924100620733,1.71153837862138
0.212110516646776,1.30093010304778,1.71367289668459
0.215260636546636,1.30262310690461,1.71580763657181
0.218395754020464,1.30432116957159,1.71794238088946
0.221516138470296,1.30602322705128,1.72007697917054
0.224620798987334,1.3077303817655,1.72221129298213
0.227710054261304,1.30944158276957,1.72434523893799
0.23078298714128,1.3111578840685,1.72647873308103
0.233839967911639,1.31287824669225,1.72861173913946
0.23688015524294,1.31460367768993,1.73074421171773
0.239903972977634,1.31633314891874,1.73287614847454
0.242910656912115,1.31806762225878,1.7350075319939
0.245900685957311,1.31980607929249,1.73713838486672
0.248873373610597,1.32154943873078,1.73926871033078
0.251829254827655,1.32329669089126,1.7413985494395
0.254767720668383,1.32504871345523,1.74352792070068
0.257689362517157,1.32680450463572,1.74565687865177
0.260593648156927,1.32856490331429,1.74778545281951
0.263481225154875,1.33032891493126,1.7499137071136
0.26635163649413,1.33209734185312,1.75204167848907
0.269205585031504,1.33386919626216,1.75416943663452
0.27204268677166,1.33564524632215,1.75629702275536
0.274863698322856,1.33742451065929,1.75842450907816
0.277668305917103,1.33920772555241,1.76055193819169
0.28045731775212,1.34099391596095,1.7626793819218
0.283230486930746,1.34278378858324,1.76480688167098
0.285988670493009,1.34457637478474,1.76693450624374
0.28873168455854,1.34637235395822,1.76906229361669
0.291460431730854,1.34817076412425,1.77119030731559
0.294174786868576,1.34997225960157,1.77331858002895
0.296875694393322,1.35177588548099,1.77544716815818
0.299563083280324,1.35358227318352,1.77757609765957
0.302237935630184,1.3553904754382,1.77970541641076
0.304900229648492,1.35720110287995,1.78183514263149
0.307550980658562,1.35901321658097,1.78396531473393
0.310190211024827,1.36082740842959,1.78609594263368
0.312818964596329,1.36264274866529,1.78822705477991
0.315437302712776,1.36445981239157,1.79035865262614
0.318046292884276,1.3662776799389,1.79249075456897
0.32064603019559,1.36809691150635,1.794623353805
0.32323760085254,1.36991659851821,1.79675645894354
0.325821128464052,1.37173728806575,1.79889005543311
0.32839771292483,1.37355808372801,1.80102414265294
0.33096750120228,1.37537952120027,1.8031586990504
0.333531595858781,1.37720071724881,1.80529480327749
0.336089681892214,1.37902195219056,1.80743218362063
0.338642876612627,1.38084235331047,1.80957063520133
0.341190888627491,1.38266220051139,1.81170997479564
0.343734836805029,1.38448063561925,1.81385006601903
0.34627445084082,1.38629793958559,1.81599078184001
0.3488108474982,1.38811327127429,1.81813202859761
0.351343774612554,1.38992691434796,1.82027371500501
0.353874343352762,1.39173804693148,1.82241577387692
0.356402316511649,1.39354695713292,1.8245581368252
0.358928796311251,1.39535284433624,1.82670075300295
0.361453557211255,1.39715600281927,1.82884356894417
0.363977689255146,1.3989556550257,1.8309865439175
0.366500975253441,1.40075210306383,1.83312963451308
0.369024489955677,1.40254459405421,1.83527280639191
0.37154802123697,1.4043334394971,1.83741602331104
0.37407262555668,1.40611791262861,1.83955925518749
0.376598092635983,1.407898335779,1.84170247130121
0.37912545777409,1.40967400956018,1.84384564468544
0.381654509414457,1.41144526842993,1.84598874927125
0.384186258961979,1.41321144145461,1.84813176068226
0.386720490573925,1.41497287636397,1.85027465709456
0.389258189173492,1.41672893157154,1.8524174165616
0.391799131755386,1.41847996906119,1.8545600213648
0.39434427433237,1.42022537729562,1.85670245202992
0.396893384007127,1.4219655333255,1.85884469494052
0.399447385624284,1.42369985616995,1.86098673323371
0.402006033825932,1.42542873858439,1.86312855744372
0.40457022021468,1.42715163045365,1.86527015348456
0.407139684578121,1.42886894069754,1.86741151608574
0.409715283399728,1.43058015017622,1.86955263408427
0.412296739407276,1.43228568425313,1.87169350640936
0.414884872297713,1.43398505467383,1.87383412491754
0.41747938573636,1.43567870334371,1.87597449267901
0.420081061188696,1.43736617260612,1.87811460459758
0.422689581471784,1.43904792082684,1.88025446774868
0.425305688609322,1.4407235204657,1.88239408003136
0.427929043015046,1.44239344609016,1.88453345230646
0.430560346306436,1.44405729960741,1.88667258533137
0.433199235182834,1.44571557135508,1.88881149344679
0.435846370146855,1.44736789183868,1.89095018004675
0.43850136312847,1.44901476656745,1.89308866256354
0.441164833070702,1.45065585362617,1.89522694672571
0.443836366345695,1.45229167293753,1.89736505259324
0.446516540161943,1.45392190898781,1.89950298785492
0.449204914820038,1.45554709520418,1.90164077466965
0.451902025892019,1.45716694115106,1.9037784222519
0.454607407373424,1.45878199271033,1.90591595427985
0.457321553571134,1.46039198306966,1.90805338101361
0.460043972224704,1.46199746938637,1.91019072703689
0.462775145838246,1.46359819220447,1.91233114245083
0.465514533766005,1.46519324621973,1.91447395648227
0.46826255135148,1.46678241568779,1.91661862013048
0.471018631436049,1.46836482594117,1.91876469906336
0.473783155213023,1.46994028952498,1.92091183522321
0.47655553086524,1.47150796701609,1.92305974731227
0.47933610493045,1.47306770190122,1.92520820148195
0.482124262715432,1.47461869404943,1.92735701598592
0.484920316520509,1.47616082066502,1.92950603841221
0.487723630580045,1.47769332446929,1.93165515229288
0.490534484038889,1.47921611912056,1.93380425924855
0.493352221934504,1.48072849331199,1.93595328613025
0.496177091822615,1.48223039974327,1.93810217102744
0.499008421513839,1.48372117578426,1.94025087002772
0.501846428899558,1.48520081553696,1.94239934640798
0.504690426632946,1.48666870734664,1.94454757642983
0.507540605133488,1.48812488879346,1.94669554126518
0.510396264059526,1.48956880108752,1.94884323146365
0.513257568751122,1.49100052703093,1.95099064130771
0.516123808115187,1.49241956216774,1.95313777173473
0.518995124952505,1.49382603589491,1.95528462690429
0.521870799727117,1.49521949912485,1.95743121545802
0.524750955346282,1.49660012881902,1.95957754913366
0.527634866188018,1.49796753184334,1.96172364231703
0.530522637982474,1.49932193326452,1.96386951256699
0.533413541409896,1.50066299602618,1.96601517846607
0.536307667780508,1.50199099339358,1.9681606619358
0.539204286480239,1.50330564404485,1.97030598443247
0.542103477171199,1.50460726907905,1.97245117093878
0.545004510348455,1.50589564209867,1.97459624458208
0.547907456789138,1.50717113121217,1.97674123218932
0.550811590486733,1.50843356367773,1.97888615742945
0.55371697606678,1.50968335333643,1.98103104781628
0.556622893382992,1.51092037939216,1.9831759264953
0.55952940359371,1.51214509970603,1.98532082057479
0.56243579473454,1.51335744330168,1.98746575169087
0.565342127114253,1.51455790993704,1.98961074554218
0.568247699219572,1.51574647594656,1.9917558213759
0.571152573044049,1.51692368048404,1.99390100259581
0.574056059730107,1.51808954434216,1.99604630531714
0.576958225391761,1.51924464323101,1.99819174991283
0.57985839595476,1.52038903924935,2.00033734878639
0.582756643976199,1.52152334152914,2.00248311871719
0.585652312203296,1.52264765007034,2.00462906799894
0.588545481832318,1.52376260404415,2.00677520944219
0.591435514367808,1.52486833774212,2.00892154702222
0.594322501702218,1.52596551679143,2.01106808939592
0.597205825917958,1.52705430600819,2.01321483619727
0.600085591509929,1.52813539373859,2.01536179192673
0.602961202830517,1.529208971444,2.01750895202596
0.605832758045478,1.53027570940616,2.01966172579898
0.608700138842418,1.53133295893128,2.0218188730559
0.611563485928311,1.53238142580595,2.02397938806488
0.614422694750438,1.5334185599551,2.02614244298937
0.617277920604661,1.53444504911622,2.02830737008867
0.620129073639873,1.53545845048281,2.03047360794773
0.62297632308533,1.53645943767664,2.03264070938308
0.625819594166437,1.53744568031919,2.03480828621244
0.628659069323281,1.53841784454495,2.03697603676799
0.631494688815723,1.53937371564757,2.03914368692248
0.634326647499723,1.54031396017127,2.04131103284387
0.637154900317164,1.54123648132121,2.04347787720111
0.639979653672841,1.54214195440018,2.04564408398115
0.642800876603182,1.5430284022464,2.0478095095111
0.645618786127347,1.54389651725476,2.04997406696856
0.648433364607605,1.54474444332485,2.0521376522642
0.651244838683226,1.54557289798489,2.05430021643027
0.654053203131716,1.54638014739485,2.05646168662995
0.656858693167891,1.54716694178483,2.05862204498976
0.659661314961691,1.54793167051139,2.06078124511675
0.662461311218898,1.54867512346644,2.0629392962033
0.665258698390146,1.54939581378653,2.06509617549174
0.668053725557862,1.55009457725885,2.06725191666133
0.670846418271647,1.55077005091182,2.06940651871483
0.673637030856045,1.5514231218236,2.0715600377832
0.676425596723877,1.55205255042808,2.07371249294052
0.679212374295379,1.55265927954666,2.07586396064899
0.681997403570698,1.55324219181575,2.07801447804884
0.684780945914243,1.5538022892126,2.0801641393264
0.687563046609896,1.55433857456004,2.0823129970773
0.690343968814927,1.55485211128526,2.08446115992109
0.69312376177718,1.55534201950413,2.08660869259594
0.695902689299767,1.55580942521561,2.08875571416918
0.698680803269582,1.55625356203326,2.09090229758159
0.701458366996203,1.55667561845689,2.09304856781729
0.704235433686426,1.55707493691861,2.09519460166567
0.707012265027798,1.55745276717277,2.09734052521869
0.709788914244615,1.55780855496765,2.0994864146487
0.712565640288438,1.55814360894763,2.10163239240003
0.715342495126531,1.55845747194932,2.10377852978524
0.718119733879592,1.55875150811888,2.10592494123465
0.720897406022342,1.55902535055496,2.10807168949022
0.723675761774411,1.5592804146192,2.11021887727718
0.726454846932382,1.55951641639291,2.11236655582549
0.729234905775928,1.55973481741663,2.11451481333762
0.732015979298161,1.55993540917409,2.1166636874981
0.734798304838702,1.56011969375705,2.11881325013479
0.737581917531537,1.56028753031816,2.12096352429444
0.740367046822958,1.56044045544168,2.12311456453431
0.743153721010113,1.5605783881964,2.12526637905193
0.745942173134838,1.56070281203784,2.12742494973128
0.748732060983767,1.56081014576464,2.12958868008243
0.751523602608554,1.56090183393789,2.13175631088725
0.75431644977173,1.56097454389147,2.13392677247636
0.757110817407594,1.56102959262855,2.1360992360194
0.759906353747714,1.56106387852831,2.1382729731759
0.762703268944241,1.56107862167851,2.14044743595468
0.765501209616393,1.56107093637879,2.14262211916036
0.768300380265331,1.56104197339414,2.14479666053952
0.771100427410588,1.56098905079856,2.146970703401
0.773901549574078,1.5609132743538,2.14914401136595
0.776703394401553,1.56081215653649,2.151316329747
0.779506154474025,1.56068677941739,2.15348751096462
0.782309479581568,1.56053484278885,2.15565737397645
0.785113556653355,1.56035742370239,2.157825837581
0.787918038483841,1.56015240389807,2.15999277758483
0.790723106813838,1.55992087175824,2.16215816597997
0.793528418174435,1.55966088675929,2.16432192575498
0.796334149705603,1.55937356286628,2.16648407443343
0.799139962297804,1.55905713371009,2.16864457656628
0.801946029167777,1.5587127511168,2.17080349044246
0.804752016090545,1.55833881944265,2.17296081840574
0.807558093103109,1.55793653872158,2.17511665575432
0.810363931302282,1.55750448034434,2.17727103914533
0.813169698335744,1.55704390095282,2.17942409682861
0.815975070981092,1.55655353467922,2.1815758955547
0.818780215317209,1.55603470118348,2.18372659136541
0.821584814094337,1.55548629218936,2.18587627560516
0.82438903265668,1.55490969475373,2.18802512553248
0.827192559964443,1.55430395202531,2.1901732502312
0.829995561457707,1.55367052079401,2.19232084031951
0.832797732502864,1.55300858838965,2.19446801473797
0.835599239444958,1.55231968166871,2.19661496881903
0.838399784224846,1.55160312385748,2.19876182306332
0.841199534862056,1.55086051031495,2.20090876879726
0.843998200023914,1.55009129096094,2.20305592011594
0.846795950117092,1.54929712636856,2.20520345630894
0.84959250068027,1.54847758321983,2.20735147814077
0.852388025147749,1.54763438252203,2.20950014617921
0.855182246073397,1.54676719729261,2.2116495425106
0.857975340475161,1.54587780297695,2.21379980407726
0.860767038067697,1.54496596825484,2.21595099080297
0.863557519915567,1.54403351609328,2.21810321305
0.866346523041375,1.54308030015462,2.22025650698107
0.869134232921627,1.54210818338302,2.22241095529015
0.87192039403286,1.54111709394702,2.22456657046953
0.874705196530372,1.54010892686455,2.22672340805181
0.877488392484805,1.53908367470425,2.2288814582978
0.88027017690099,1.53804325652648,2.23104075130281
0.883050309572196,1.53698771968206,2.23320125748028
0.885828990650905,1.53591900177544,2.2353628011653
0.888604950572393,1.53483434436464,2.23752497271719
0.891378395464835,1.53373554860289,2.23968747768392
0.894148085791727,1.53262009443716,2.24185003587564
0.89691423513207,1.53148968113326,2.24401246312292
0.899675638395436,1.53034199987152,2.24617456697731
0.902432519112927,1.5291786771439,2.24833623969049
0.905183710363928,1.52799759510161,2.25049734996912
0.907929448464352,1.52680032983032,2.25265784468241
0.910668607840486,1.52558493867293,2.25481763661422
0.913401440563704,1.52435296477366,2.25697671298161
0.916126865134049,1.52310262785886,2.25913501945819
0.918845152358631,1.52183545186097,2.26129257396234
0.921555267149618,1.52054980805543,2.26344934744039
0.924257501950268,1.51924721192962,2.26560538163127
0.926950870072915,1.51792617676955,2.26776066723871
0.929635688350556,1.51658821795311,2.26991526454451
0.93231102015533,1.51523198206649,2.27206917969087
0.934977209262497,1.51385899066446,2.27422248712727
0.937633370445951,1.51246801543006,2.27637520478175
0.940279876727719,1.51106058862065,2.27852741740569
0.942915895310652,1.50963559910484,2.28067915144475
0.945541830477871,1.50819459283796,2.2828304984046
0.948156902571481,1.50673656811922,2.28498149024221
0.950761548821715,1.50526308626185,2.2871322219232
0.9533550430983,1.50377324732009,2.28928272814527
0.95593785690271,1.50226862846273,2.29143310429968
0.958509317692751,1.50074842387003,2.29358338531378
0.961069932175342,1.49921422606082,2.29573366426981
0.963619081123826,1.49766531575717,2.2978839741148
0.966157306973559,1.49610329946807,2.30003440323254
0.96868404320518,1.49452753693712,2.30218498071954
0.971199868080848,1.49293964658873,2.30433578825243
0.973704266845557,1.49133905976302,2.30648684957106
0.976197853257141,1.48972740413992,2.30863823803458
0.978680163052919,1.48810417536278,2.31078997088986
0.981151844729788,1.48647100724087,2.31294211196522
0.983612482927004,1.48482745259584,2.31509467123642
0.9860627597111,1.48317514788041,2.31724770216692
0.988502306730479,1.48151369617059,2.31940120701631
0.99093183805977,1.47984473281098,2.32155522839915
0.993351030182209,1.47816790443562,2.32370976071343
0.995760627254622,1.47648484134436,2.32586483555517
0.99816034816441,1.47479522727988,2.32802043957791
1.00055096489387,1.47310068344369,2.33017659346607
1.00293223607614,1.47140092449658,2.33233327647168
1.00530495896933,1.46969755842739,2.33449049871468
1.00766892909714,1.46799032488826,2.33664823257996
1.01002496619172,1.46628081452624,2.33880647817671
1.01237289964763,1.46456878632093,2.34096520171818
1.0147135862033,1.46285581226529,2.34312194656324
1.01704638506141,1.46114038332864,2.34527710353322
1.0193721399822,1.45942399295258,2.347431005084
1.02169025626575,1.45770520999054,2.34958390292216
1.02400158900333,1.45598546879151,2.35173601753212
1.02630558572547,1.45426340586459,2.35388751102485
1.02860311262346,1.45254040462586,2.35603853142561
1.03089365614773,1.45081516154225,2.35818918291893
1.03317809282133,1.44908901518279,2.3603395662952
1.03545594501124,1.44736071593641,2.36248974805329
1.03772809841439,1.44563156219987,2.36463979783649
1.03999410847118,1.44390035337962,2.36678975739461
1.0422548686035,1.44216835137707,2.36893967548193
1.04450996455839,1.4404344005089,2.37108957737771
1.04676029581213,1.43869972912689,2.37323949749615
1.04900547568312,1.43696322293149,2.37538944996236
1.05124640786184,1.43522607911726,2.37753945904902
1.05348273051359,1.4334872216788,2.37968953116706
1.05571534957414,1.4317478186156,2.38183968316476
1.05794392533597,1.43000682946532,2.38398991599624
1.06016936391659,1.42826539465228,2.38614024087545
1.06239134502346,1.4265225067756,2.38829065481638
1.06461077282674,1.42477928002754,2.39044116461411
1.06682734375199,1.42303473780699,2.39259176439854
1.06904195785324,1.42128996919056,2.39474245740923
1.07125432560307,1.4195440262986,2.39689323566374
1.07346534075401,1.41779797402146,2.39904409949647
1.07567472519219,1.41605089127866,2.40119503940988
1.07788336418787,1.41430381954899,2.40334605335637
1.08009098845692,1.41255586276376,2.40549713081313
1.08229847263054,1.41080803963707,2.40764826779822
1.08450555373235,1.40905947744326,2.40979945318588
1.0867130936396,1.40731117267359,2.41195068146199
1.0889208332352,1.40556227438247,2.41410194127547
1.09112961958607,1.40381375729465,2.41625322595277
1.09333919507096,1.40206479077733,2.4184045242624
1.09555038996409,1.40031632817651,2.42055582872232
1.09776294587245,1.39856755779258,2.42270712853795
1.09997767438381,1.3968194119267,2.42485841575018
1.10219431417232,1.39507109651413,2.4270096802921
1.10441365634775,1.39332352310431,2.42916091403844
1.10663543460699,1.39157591404522,2.43131210791272
1.10886041790535,1.38982916039814,2.43346325391114
1.11108833304469,1.38808249977392,2.43561434417965
1.11331992527656,1.3863368029896,2.43776537109642
1.1155549127262,1.38459132183821,2.43991632822767
1.11779401553055,1.38284690712542,2.44206720856277
1.12003694150207,1.38110282381259,2.44421800724829
1.12228438440116,1.3793599029233,2.44636871807879
1.1245360402456,1.37761742163835,2.44851933790021
1.12679257549726,1.37587619146956,2.45066989628287
1.12905360032062,1.37413554519794,2.45282038821469
1.13131975248472,1.37239627544762,2.45497080658758
1.13359062944767,1.37065772415104,2.45712114990977
1.13586683998886,1.36892066507751,2.45927141351653
1.13814796813211,1.36718444844863,2.46142159870389
1.14043459336718,1.36544982923581,2.46357170270152
1.14272628572678,1.36371616514751,2.46572172906374
1.14502359528852,1.36198419244895,2.46787167652296
1.14732607771225,1.36025327559692,2.47002155048101
1.14963425371747,1.35852413227778,2.47217135087186
1.15194766438631,1.3567961330245,2.47432108460094
1.15426680130888,1.35506997710822,2.47647075255236
1.15659119096142,1.35334504053424,2.47862036282736
1.15892129620488,1.35162200435915,2.48076991703484
1.16125662905621,1.34990024952606,2.48291942418332
1.16359762421414,1.34818043911524,2.48506888639478
1.16594377955394,1.34646195854308,2.48721831330757
1.16829550233973,1.34474545318942,2.48936770735346
1.17065227678818,1.34303031254941,2.49151707853212
1.17301448360928,1.3413171646158,2.49366642938941
1.17538159400262,1.33960540263763,2.49581577002804
1.17775396314845,1.33789563757082,2.49796510292192
1.18013105002058,1.33618726616213,2.50011443803209
1.18251318542739,1.33448088271695,2.50226377758763
1.18489981704801,1.3327758872909,2.50441313118103
1.18729125259898,1.3310728579599,2.50656250064092
1.18968692952438,1.32937119796507,2.50871189498668
1.19208713383871,1.32767146960723,2.51086131551218
1.19449129392701,1.32597307925273,2.51301077048566
1.19689967558832,1.32427657391314,2.51516026055665
1.19931169942791,1.32258136308013,2.51730979309419
1.20172761259912,1.32088797899125,2.51945936802146
1.20414682929639,1.31919583432074,2.52160899169272
1.20656957966659,1.31750544707455,2.5237586632521
1.20899527293775,1.31581623322025,2.52590838795748
1.21142412394494,1.31412869709929,2.52805816415123
1.21385553845554,1.3124422581328,2.53020799594768
1.21628971772908,1.31075740758691,2.53235788089454
1.2187260656249,1.30907356854186,2.5345078219491
1.22116477159122,1.30739121979683,2.5366578159
1.22360523916461,1.30570978833734,2.53880786456624
1.22604764776082,1.3040297411204,2.54095796403938
1.22849140219758,1.30235050931883,2.5431081150486
1.2309366736386,1.30067254868558,2.545258313074
1.23338286979173,1.29899529489366,2.54740855783002
1.23583015533826,1.29731919314023,2.54955884429115
1.23827794247682,1.29564368393733,2.55170917125511
1.24072639115322,1.29396920258157,2.55385953331305
1.24317491963645,1.29229519478351,2.55600992846284
1.24562368585723,1.29062208813027,2.55816240202156
1.24807245368624,1.28895074478572,2.56031653120041
1.25052137936785,1.2872815772271,2.56247196690944
1.25297022846695,1.28561542870018,2.5646284234994
1.25541915616535,1.28395269402298,2.56678566276388
1.25786793039043,1.28229419316796,2.56894348775067
1.26031670521383,1.28064029977335,2.57110173249443
1.26276525146186,1.27899180640091,2.57326025796577
1.26521372215948,1.27734906196494,2.57541894593586
1.26766189147444,1.27571282770922,2.57757769584592
1.27010991151566,1.27408342434885,2.57973642175237
1.27255756016495,1.27246157814046,2.58189504935955
1.27500498878458,1.2708475782551,2.58405351534404
1.27745197928803,1.2692421125405,2.58621176408881
1.27989868248055,1.26764543545395,2.58836974890849
1.282344884579,1.26605819327296,2.59052742821327
1.28479073602937,1.26448060278304,2.59268476829842
1.28723602758316,1.26291326580813,2.59484173878856
1.28968090952498,1.26135635874882,2.59699831674469
1.29212517733492,1.25981043639195,2.59915448131823
1.29456898132882,1.25827563231721,2.60131021898585
1.29701212187386,1.25675245201584,2.60346551739414
1.29945474950057,1.25524098412023,2.60562037156861
1.30189666958766,1.25374168292,2.607774776964
1.30433803305184,1.25225459031533,2.60992873651709
1.30677865037451,1.25078010786869,2.61208225294114
1.30921867301598,1.24931822933557,2.61423533650744
1.31165791661923,1.24786930243296,2.61638799663928
1.31409653332964,1.24643327176006,2.61854025031775
1.31653434397943,1.24501043050078,2.62069211304361
1.31897150152292,1.24360067351161,2.62284360777054
1.32140783197928,1.24220423920529,2.62499475531374
1.32384348921658,1.24082097255298,2.62714558371989
1.32627830441013,1.2394510574197,2.62929611820989
1.32871243242611,1.23809428920412,2.63144639089955
1.33114570953836,1.23675079791264,2.63359643037097
1.33357829167372,1.23542033014307,2.6357462716618
1.33601002012203,1.23410296319349,2.63789594556504
1.3384410519104,1.2327983960856,2.64004548880766
1.34087123323917,1.23150665500687,2.64219493318194
1.34330072225138,1.23022739306614,2.6443443158363
1.34572936993157,1.22896058736274,2.64649366834243
1.3481573355296,1.22770584717085,2.64864302702272
1.35058447466912,1.22646310291814,2.65079242205597
1.35301094767256,1.22523192250586,2.65294188776668
1.35543661464093,1.22401219246278,2.65509145186891
1.35786163690963,1.22280344212443,2.65724114564311
1.36028587888064,1.22160551720664,2.65939099341217
1.3627095028177,1.22041791158899,2.66154102253227
1.36513237723459,1.21924043352695,2.66369125318807
1.36755466257768,1.21807261737668,2.66584921973461
1.36997703776841,1.21691709309372,2.66801322212511
1.37239965732738,1.21577328891015,2.67018188523853
1.37482319370429,1.21464374826682,2.67235407262856
1.37724779098957,1.21352789837389,2.67452886891842
1.3796741106579,1.21242818144841,2.67670550186132
1.38210228566529,1.21134402348666,2.67888335563682
1.38453296249608,1.21027775590701,2.68106189488546
1.38696626157765,1.20922879918281,2.68324070114331
1.38940281083936,1.20819936744327,2.68541939521311
1.39184271641602,1.20718886908186,2.68759769125428
1.39428658452338,1.20619939625104,2.68977531555597
1.39673450507659,1.20523033759153,2.69195207436428
1.39918705978738,1.20428365965292,2.6941277681493
1.40164432039271,1.20335872321832,2.69630227030979
1.40410684165038,1.20245736628595,2.69847543662375
1.40657467521244,1.20157891367356,2.70064719268626
1.40904834675454,1.20072507240414,2.70281743856906
1.41152788604126,1.19989512351298,2.70498614333109
1.41401378784681,1.1990906411413,2.70715324509625
1.41650605838271,1.19831085524262,2.70931875130434
1.41900516000231,1.19755720576818,2.71148263451992
1.42151107385624,1.19682886500502,2.71364493731419
1.42402422864967,1.1961271381327,2.71580566419007
1.42654457913635,1.19545113408342,2.71796489013779
1.42907251943054,1.19480202355385,2.72012264913221
1.43160797673617,1.19417884749805,2.72227904550985
1.43415130991083,1.19358264342322,2.72443413957984
1.4367024176497,1.19301238089605,2.72658806104315
1.43926162315748,1.19246896663637,2.72874089236064
1.44182879586838,1.19195129674697,2.73089278348456
1.4444042232006,1.19146015072905,2.73304383373793
1.44698774479706,1.1909943505539,2.73519420715764
1.44957961241245,1.19055455324121,2.7373440137432
1.45217963560714,1.19013950739588,2.73949342472139
1.45478803084658,1.18974975340342,2.74164255410239
1.45740457757392,1.18938396866565,2.74379157316962
1.46002945758583,1.18904258377603,2.74594059332373
1.46266242044572,1.18872420840226,2.74808977908293
1.46530361414194,1.18842917101989,2.75023923319397
1.46795275887903,1.18815601819302,2.75238910740573
1.47060996992928,1.18790498458929,2.7545394907829
1.47327493894749,1.18767455927821,2.75669051749928
1.4759477498028,1.18746489185373,2.75884225921285
1.47862806669476,1.18727442027163,2.76099482912475
1.48131594360888,1.187103218001,2.76314827917544
1.48401101865862,1.18694967882391,2.76530269963742
1.48671331765469,1.18681380905577,2.76745812178333
1.48942245425062,1.18669396560058,2.76961461232795
1.49213842796108,1.18659009645063,2.77177218210859
1.49486085902479,1.18650059135714,2.77393514966889
1.49758968543572,1.18642901455167,2.77610219070822
1.50032446559815,1.18637383917026,2.77827227574883
1.50306512206472,1.18633836056728,2.78044451312256
1.50581119649065,1.18632118799412,2.78261822716566
1.5085625957217,1.18632537341437,2.78479280696934
1.51131884725319,1.18634962586633,2.78696780830063
1.5140798430017,1.18639677338949,2.78914280460074
1.51684509898941,1.1864655943056,2.79131750557099
1.51961449366719,1.18655870737593,2.79349160844062
1.52238753430697,1.1866749344559,2.79566492836807
1.52516408779987,1.18681669597833,2.79783724893385
1.52794365538278,1.18698283542861,2.80000846097587
1.53072609457061,1.18717558313771,2.80217841180616
1.53351090323925,1.1873937854736,2.8043470500682
1.53629793187669,1.187639488995,2.80651427348452
1.53908667760402,1.18791152687696,2.80868007796034
1.54187698632117,1.18821176703952,2.81084440385034
1.54466835691271,1.18853901574898,2.81300728794695
1.54746063316672,1.18889496681868,2.81516870838202
1.55025331814745,1.18927838807114,2.81732873840407
1.55304625600893,1.18969080364167,2.81948739015156
1.55583895630138,1.19013093347053,2.82164476929156
1.55863126599882,1.19060013674484,2.82380091804191
1.56142270333157,1.19109707815395,2.82595596984736
1.56421312050487,1.19162295727667,2.82810999219436
1.56700204651303,1.19217637824806,2.83026314056014
1.56978934114485,1.19275838719838,2.83241550174463
1.57257454613621,1.19336752445706,2.8345672463552
1.57535753113684,1.19400468979463,2.83671847355204
1.57813785249913,1.1946683584883,2.83886936133206
1.58091539191856,1.19535929197853,2.84102001372033
1.58368972213764,1.19607590115015,2.84317060809615
1.58646073896987,1.19681881800783,2.845321245942
1.58922803321773,1.19758639145334,2.8474720964212
1.59199151675069,1.19837913366699,2.84962325180642
1.59475079999088,1.19919533551418,2.85177486648383
1.59750581264508,1.20003539948191,2.8539270181288
1.60025618619442,1.20089756362845,2.85607984128988
1.60300186978647,1.20178213117582,2.85823339527308
1.60574251726816,1.20268729360781,2.86038779146412
1.60847809863489,1.20361326538414,2.86254306874336
1.61120829126008,1.20455819836777,2.86469931374445
1.61393308718271,1.20552222863013,2.86685654446803
1.61665218830396,1.2065034758221,2.86901482275139
1.6193656096803,1.20750200770392,2.87117414659468
1.62207307857012,1.20851591934382,2.87333455422444
1.62477463379309,1.20954521984557,2.87549602550067
1.62747002861173,1.2105879873515,2.87765857708812
1.63015932612353,1.21164418146027,2.87982217318
1.63284231004591,1.21271186326196,2.88198616333714
1.63551826011131,1.2137938370422,2.88415023588534
1.63818698582707,1.21488832393138,2.88631417285525
1.64084780406837,1.21599788720528,2.88847775859202
1.64350055478023,1.21712086070826,2.89064085834433
1.64614459493568,1.21825959698291,2.89280332340484
1.6487797975668,1.21941251117551,2.89496507845935
1.65140556234402,1.2205817669942,2.89712602325994
1.65402179783372,1.22176583706818,2.8992861266134
1.65662794864771,1.22296671286426,2.90144532484846
1.65922396108938,1.22418290598102,2.9036036208122
1.66180932659726,1.22541624877368,2.90576097955513
1.66438403113605,1.22666527721315,2.90791743102841
1.66694761449139,1.22793167538263,2.91007296351279
1.66950010390632,1.2292139920595,2.91222762892687
1.67204108866029,1.23051377238346,2.91438143459201
1.67457063855884,1.231829568816,2.91653445020978
1.6770883931387,1.23316279590199,2.91868669859845
1.67959446569622,1.23451200270239,2.92083826350045
1.68208854639685,1.23587848090159,2.92298917995493
1.68457079258018,1.23726077082024,2.92513954216917
1.68704094501324,1.23866004865146,2.92728939420835
1.68949920523914,1.24007484215774,2.92943883721933
1.69194536419785,1.24150621920961,2.93158792112464
1.69437966739294,1.24295269253511,2.93373675052949
1.69680195510895,1.24441522875172,2.93588537810143
1.69921251615838,1.24589232426333,2.93803390852764
1.7016112389499,1.24738485145889,2.94018239424424
1.7039984545468,1.24889129017457,2.9423309368442
1.70637409788326,1.25041242556961,2.94447958579147
1.70873854081803,1.25194672158346,2.94662843671296
1.71109176285441,1.25349488311317,2.94877753369311
1.71343417481142,1.25505535966138,2.95092696391879
1.71576579847358,1.25662878277749,2.9530767641009
1.71808708142971,1.25821358965589,2.95522701098017
1.72039808515806,1.25981034532903,2.95737773236608
1.72269929150242,1.26141747736595,2.95952899305521
1.72499079878357,1.26303549099462,2.96168081091621
1.72727312029738,1.26466280728914,2.96383323782066
1.72954638813104,1.26629987823381,2.9659862811384
1.73181114398135,1.26794512188724,2.9681399793337
1.73406755044114,1.26959894336991,2.97029432916937
1.73631617435068,1.27125976146485,2.9724493556777
1.7385572054031,1.27292794060419,2.97460504530631
1.74079123216087,1.27460190421743,2.97676141003246
1.74301846790644,1.2762819820029,2.97891842661993
1.74523951938097,1.27796660607309,2.98107609470538
1.74745461987633,1.27965607711647,2.98323438227462
1.74966439068619,1.28134884002193,2.98539327760969
1.75186908149663,1.28304517195796,2.9875527410351
1.75406933511185,1.28474352915902,2.98971028452702
1.75626510193185,1.28644547269306,2.99186630639339
1.75845701671508,1.28814953666958,2.99402113716335
1.76064504829853,1.28985719797863,2.996175028941
1.76282983625965,1.29156704542408,2.99832819457804
1.76501136420182,1.29328048196531,3.00048079191007
1.76719027433571,1.29499614269041,3.00263295768036
1.76936656175322,1.29671536428373,3.00478478885132
1.77154086900425,1.29843682188447,3.0069363727828
1.77371319964999,1.30016179188126,3.00908776707428
1.77588419423017,1.30188898471565,3.01123902691705
1.77805386193777,1.30361962134223,3.01339018444246
1.78022283893718,1.30535244380956,3.0155412737978
1.78239113735506,1.30708862173351,3.0176923106617
1.78455938663051,1.30882692585054,3.01984331536227
1.78672759924412,1.31056847799332,3.02199429301345
1.78889639560028,1.31231207525834,3.02414525485142
1.79106578606372,1.31405879486063,3.02629619930711
1.79323637975656,1.31580745839247,3.02844713165106
1.79540818256716,1.31755910132786,3.03059804622301
1.7975817901682,1.31931256826294,3.0327489444259
1.79975720172433,1.32106885558775,3.03489981826761
1.80193499738845,1.32282682971483,3.03705066671818
1.80411516747385,1.32458745043641,3.0392014806717
1.80629827465492,1.32634960504634,3.04135225766873
1.80848429839391,1.32811421908843,3.04350298835106
1.8106737820533,1.32988020001376,3.04565366954864
1.81286669238131,1.33164844135478,3.04780429227264
1.8150635517331,1.33341787017288,3.04995485316878
1.81726431242602,1.33518935013106,3.05210534407256
1.81946947426225,1.33696182750308,3.05425576183676
1.82167897356678,1.3387361381413,3.05640609945467
1.82389328620389,1.34051124725877,3.05855635427759
1.82611233110922,1.3422879648811,3.06070652069637
1.82833655899491,1.3440652749915,3.06285659677373
1.83056587018334,1.34584396370308,3.06500657846108
1.83280068920005,1.34762303368576,3.06715646467967
1.83504089671127,1.34940324898782,3.06930625303796
1.83728689020902,1.35118363095185,3.07145594340491
1.83953852984849,1.3529649233437,3.07360553508273
1.84179618543537,1.35474616621958,3.07575502892443
1.84405969595275,1.35652808477998,3.07790442590768
1.8463294030663,1.35830973787782,3.08005372785715
1.8486051241241,1.36009183379895,3.082202937357
1.85088717240053,1.36187345030657,3.08435205714645
1.85317534334683,1.36365528035441,3.08650109130114
1.85546992179862,1.36543642074964,3.08865004337741
1.85777068125053,1.36721755062581,3.09079891878662
1.8600778782552,1.36899778597841,3.09294772176991
1.86239126449208,1.37077779355946,3.09509645888412
1.86471106894097,1.37255670865066,3.09724518703614
1.86703713501906,1.37433512318577,3.09939389434292
1.86936966361933,1.37611219134773,3.10154257145819
1.871708475175,1.37788849721642,3.10369121361025
1.87405374322962,1.37966321438225,3.10583981675752
1.87640526554211,1.38143692037453,3.10798838096729
1.87876318876932,1.38320880863561,3.1101369056744
1.88112728850094,1.38497945138401,3.11228539423174
1.88349768517139,1.38674806229679,3.1144338482988
1.88587413289554,1.38851520944442,3.11658227342071
1.88825672674004,1.39028012706038,3.11873067260035
1.89064520022034,1.392043380143,3.12087905277889
1.8930396240684,1.39380422374194,3.12302741766295
1.89543971224623,1.39556322076526,3.12517577498946
1.89784551234949,1.39731964727465,3.12732412869065
1.90025671999119,1.39907406497056,3.12947248683273
1.90267336098016,1.40082577105644,3.13162085320811
1.9050951139299,1.40257532680476,3.13376923584183
1.90752198434777,1.40432205062224,3.13591763810421
1.90995363532743,1.40606650402733,3.13806606768232
1.91239005368017,1.40780802662139,3.14021452730768
1.91483088857409,1.40954718073566,3.14236302409286
1.91727610983336,1.41128332708581,3.14451155996882
1.91972535439314,1.41301702927512,3.14666014128952
1.92217857688613,1.41474766898049,3.14880876907189
1.92463540378904,1.41647581142929,3.15095744877445
1.92709577640867,1.4182008590334,3.15310618043048
1.9295593126028,1.4199233788905,3.15525496850981
1.93202594227115,1.42164279384811,3.15740381203269
1.93449527654062,1.4233596730168,3.1595527144275
1.93696723585946,1.42507345930811,3.16170167370895
1.93944142654406,1.42678472388745,3.16385069224861
1.94191776156775,1.42849292928779,3.1659997670966
1.94439584437317,1.43019864867458,3.16814889958642
1.94687558244083,1.43190136369063,3.17029808587445
1.94935657827762,1.43360164935436,3.17244732630538
1.95183873584419,1.43529900584052,3.17459661623873
1.9543216586361,1.43699400978625,3.17674595510634
1.95680524904408,1.43868617925725,3.17889533758968
1.95928911344929,1.44037609219376,3.18104476230633
1.96177315458594,1.44206328385206,3.18319422339621
1.96425698357686,1.44374833308473,3.18534371877969
1.96674050536416,1.4454307915832,3.18749324220485
1.96922333761488,1.44711123865316,3.18964279102607
1.97170538928238,1.44878924161548,3.19179235875821
1.97418628631487,1.45046537970823,3.19394194233051
1.97666594340804,1.4521392350309,3.19609153518766
1.97914399645125,1.45381138617908,3.19824113398002
1.98162036753065,1.45548142914041,3.2003907322452
1.98409470404899,1.45714994124647,3.2025403265019
1.9865669333593,1.45881652797057,3.20469185318055
1.98903729163459,1.46048030008079,3.20684490851191
1.99150571759937,1.46214088375859,3.20899915859307
1.9939724521346,1.46379741242927,3.21115433034159
1.99643744060352,1.4654495328816,3.21331019575942
1.99890092760352,1.46709640555544,3.21546656647616
2.00136286463074,1.46873770128588,3.21762328372782
2.00382349903591,1.47037261162178,3.21978021465936
2.00628278780258,1.47200083489374,3.22193724649501
2.00874098009094,1.47362159759063,3.22409428345025
2.01119803763463,1.47523462890614,3.22625124408786
2.01365421047507,1.47683919383458,3.22840805812728
2.01610946429986,1.47843505565614,3.23056466631082
2.0185640491191,1.48002152116337,3.23272101668005
2.02101793374272,1.48159839075522,3.23487706648676
2.02347136725506,1.48316501602973,3.23703277768729
2.02592432073841,1.48472123730651,3.23918812056619
2.02837704147879,1.48626645369211,3.24134306831639
2.03082950197555,1.48780054796238,3.2434976021279
2.03328194687008,1.48932296910787,3.24565170479801
2.03573434922866,1.49083364459514,3.24780536709047
2.03818695023272,1.49233207532029,3.24995858037025
2.04063972267916,1.49381823533988,3.25211134407253
2.04309290350957,1.49529167909508,3.25426365739063
2.0455464644365,1.4967524287638,3.25641552771575
2.04800063742174,1.49820009356242,3.2585669614309
2.0504553923065,1.49963474492308,3.26071797319655
2.0529109553766,1.50105604763318,3.26286857592144
2.05536729384902,1.50246412308684,3.26501879077902
2.05782462768483,1.50385869198366,3.26716863644022
2.06028292076354,1.50523992594124,3.26931813971262
2.06274238612317,1.50660760144384,3.27146732413181
2.06520298363757,1.50796194013359,3.2736162211204
2.06766491887647,1.50930277367698,3.27576485804406
2.07012814708984,1.51063037307532,3.2779132697916
2.07259286588934,1.51194462410277,3.28006148640889
2.07505902533734,1.51324584599119,3.28220954500427
2.07752681465512,1.51453397708779,3.28435747707859
2.07999617821254,1.51580938327567,3.28650532066222
2.08246729646718,1.51707205350177,3.28865310746208
2.08494010765423,1.51832239829237,3.29080087513778
2.08741478315469,1.51956045481211,3.29294865438624
2.0898912546929,1.52078667582384,3.2950964812654
2.09236968432193,1.52200114395674,3.29724438433441
2.09484999694797,1.52320435144243,3.29939239693364
2.09733234510713,1.52439642329376,3.30154054449349
2.09981664665118,1.52557788812514,3.30368885668017
2.10230304447305,1.52674890997179,3.30583735497898
2.10479144920623,1.52791005047346,3.30798606461664
2.10728199403735,1.52906150909537,3.31013500251639
2.10977460182591,1.53020380043736,3.3122925437897
2.11227051911797,1.53133421083812,3.3144567965846
2.11476961750609,1.53245336393875,3.31662622624472
2.11727312501619,1.53355863463353,3.31879956631066
2.11978089249018,1.53465064207391,3.3209757934682
2.12229411986795,1.53572686577479,3.32315404581929
2.12481263884927,1.5367879196298,3.32533363392394
2.12733761380875,1.5378313978427,3.32751395937818
2.12986885712813,1.53885791314262,3.32969455328441
2.13240749172132,1.53986518092805,3.33187499121312
2.13495330941458,1.54085381950487,3.33405495290249
2.13750738697042,1.54182166993338,3.33623413160567
2.14006949383682,1.54276936415747,3.33841231053038
2.14264065687433,1.54369487221205,3.34058926573043
2.14522062105237,1.54459884827274,3.34276485596148
2.14781036034394,1.54547939397287,3.3449389189441
2.15040959305948,1.54633719436671,3.34711137210602
2.15301923795161,1.54717048481922,3.34928210241373
2.15563898453806,1.54797998964834,3.3514510760149
2.15826969460091,1.54876407962421,3.35361822203068
2.16091102686036,1.54952352621736,3.35578354948544
2.16356378491617,1.5502568367464,3.35794702555333
2.1662275948704,1.5509648370287,3.36010869842097
2.16890320143699,1.55164617141764,3.36226857054349
2.1715901965032,1.55230172639375,3.36442672626655
2.17428926567856,1.55293028302568,3.36658320070329
2.17699996529468,1.55353279372296,3.36873811107078
2.17972292210185,1.55410817499964,3.37089152187009
2.18245765582038,1.55465744925299,3.37304357898448
2.18520473502858,1.55517966610407,3.37519437193586
2.18796364209491,1.55567592065906,3.37734406985803
2.19073488853239,1.55614539216446,3.3794927817074
2.19351791896334,1.55658924972746,3.38164069326821
2.19631318933737,1.55700679757575,3.38378792629966
2.19912010651391,1.55739927863952,3.38593467575204
2.20193907275014,1.55776611636217,3.38808106891838
2.20476945753212,1.55810862586562,3.39022730204216
2.20761161163631,1.55842634302355,3.39237350059378
2.21046486799324,1.5587206521421,3.39451985443586
2.21332952841981,1.5589911938727,3.39666648035353
2.21620489054891,1.559239417454,3.39881355492047
2.21909121003388,1.55946505998693,3.40096118037697
2.22198775090667,1.55966963032312,3.40310951431871
2.22489472569003,1.5598529532211,3.40525863994456
2.22781136693474,1.56001659096332,3.40740869168213
2.2307378472628,1.56016044692517,3.40955973072923
2.23367337025737,1.56028612999196,3.41171186574453
2.23661807202518,1.56039361306693,3.413865134494
2.2395711300484,1.56048454437658,3.41601961877658
2.24253264741898,1.56055895738807,3.41817533286951
2.24550181116856,1.56061847127009,3.42033636210038
2.2484790529545,1.56065948302003,3.42250138184354
2.25146348869564,1.5606835207125,3.42466937555194
2.25445552358851,1.56068725685054,3.42683944996525
2.25745425778868,1.56067207940956,3.42901094083404
2.26046006726504,1.56063490904805,3.43118323481399
2.26347204055759,1.56057703170995,3.43335589781442
2.26649052375423,1.56049559569547,3.43552850027623
2.2695145973659,1.5603918165788,3.437700760945
2.27254457835052,1.5602630550787,3.43987237370515
2.27557954240242,1.56011048298258,3.44204316183115
2.27861977902727,1.55993166218598,3.44421290543474
2.28166436205341,1.5597277432373,3.44638150274709
2.28471355582169,1.55949648086892,3.44854879773843
2.28776643504334,1.5592390236659,3.45071474597712
2.29082324158232,1.55895331286545,3.45287924225512
2.29388305360727,1.55864051161592,3.45504228922526
2.29694609345511,1.55829874258613,3.45720382501896
2.30001144516232,1.55792919759538,3.4593638932921
2.30307931465737,1.55753017629813,3.46152247092724
2.30614879409503,1.55710291105705,3.46367963839653
2.30922007621783,1.55664587416505,3.46583540774837
2.31229226339492,1.55616034824639,3.46798989237364
2.31536553846138,1.55564497355463,3.47014313561357
2.31843901595377,1.55510109055909,3.47229527912702
2.32151287209509,1.55452750213767,3.47444639262775
2.32458623541718,1.55392561204884,3.47659664011645
2.32765927880747,1.55329437957765,3.47874611144831
2.33073114651884,1.55263527508207,3.48089498572463
2.33380201132516,1.55194740704141,3.48304336557837
2.33687103484871,1.55123231363304,3.48519143702167
2.33993839287998,1.55048924431189,3.48733930748688
2.3430032660039,1.54971980430406,3.48948716140311
2.34606583602729,1.54892337490029,3.49163510311684
2.34912530405229,1.54810162577856,3.49378330743155
2.35218186073258,1.54725406016618,3.49593186854343
2.35523472921153,1.54638240799522,3.49808094473639
2.35828411161487,1.54548628398571,3.50023061440794
2.36132925461974,1.54456747279751,3.50238101408449
2.36437037421257,1.5436256898955,3.5045322024949
2.36740674205594,1.54266276811111,3.50668429107334
2.37043859012478,1.54167851284236,3.50883731688522
2.37346521646182,1.54067479780752,3.51099136482619
2.3764868708809,1.53965150767885,3.51314645003729
2.37950287912155,1.53861054933124,3.51530263109171
2.382513510401,1.53755187638272,3.51745990236855
2.38551811937036,1.53647742093687,3.51961829763772
2.38851699592672,1.5353871956898,3.52177779270471
2.39150952472098,1.53428315005058,3.52393839894808
2.39449601732186,1.53316534646854,3.52610007640494
2.39747590244011,1.53203576861619,3.52826078013922
2.4004490420923,1.53089167722538,3.53042048754621
2.40341488813797,1.52973486777491,3.53257921604934
2.40637333055595,1.52856284643125,3.53473694247625
2.40932385823907,1.52737729684153,3.53689368834359
2.41226639135127,1.52617593644714,3.53904943504164
2.41520045745292,1.52496037000008,3.54120421187376
2.41812600881446,1.52372850233187,3.54335800806514
2.42104261306847,1.52248188343872,3.5455108628635
2.42395025621998,1.52121858787406,3.54766277521708
2.42684854711749,1.51994012914749,3.54981379529429
2.42973750683347,1.51864473777925,3.55196393256747
2.43261678629229,1.51733390488045,3.55411324814844
2.43548644266505,1.51600600569958,3.55626176194588
2.43834616951142,1.51466251988865,3.55840954524552
2.44119606082244,1.51330195781467,3.5605566275663
2.44403585304019,1.51192579612368,3.56270308894082
2.44686567737871,1.51053267173863,3.56484896706887
2.44968531309001,1.50912406471291,3.5669943487768
2.45249492868908,1.50769873062342,3.56913927804909
2.45529434584277,1.50625815762158,3.57128384616644
2.45808377011574,1.50480121244118,3.57342810118011
2.46086306487331,1.50332939453904,3.57557213624878
2.46363247214853,1.5018416745494,3.57771600110235
2.4663918959736,1.50033956515102,3.57985978811819
2.46914161394223,1.49882213376358,3.58200354629739
2.47188156941731,1.49729090707783,3.5841473646431
2.4746120743273,1.49574504227317,3.58629128914123
2.47733310974023,1.49418607986309,3.58843540302852
2.48004502038864,1.49261325983118,3.59057974723086
2.48274782315014,1.49102813548128,3.59272439713712
2.48544189374419,1.48943002271919,3.59486938690249
2.48812728271584,1.48782048589115,3.59701478237674
2.49080439469045,1.48619891003429,3.59916060962839
2.49347331151818,1.48456686819346,3.60130692371348
2.49613446441209,1.48292380786214,3.60345374172082
2.49878796397369,1.48127130795554,3.60560110710897
2.50143426547764,1.47960887189159,3.6077490275155
2.50407350556183,1.47793808124541,3.60989753443519
2.50670616086002,1.4762584889961,3.61204662597868
2.50933239120091,1.47457167587829,3.61419632171314
2.51195269173058,1.47287723825928,3.61634661049942
2.51456724252272,1.47117675232447,3.61849750036604
2.51717655427709,1.46946985186301,3.6206489715005
2.51978082429542,1.46775810466491,3.62280102107718
2.5223805757921,1.46604117619214,3.62495362142833
2.52497602023655,1.46432062191609,3.6271067597951
2.5275676902683,1.46259613344494,3.62926040165763
2.53015580844642,1.46086924998199,3.63141452542472
2.53274091372393,1.4591396839778,3.6335690908607
2.53532324266728,1.45740895760597,3.6357217413447
2.53790333609385,1.45567555194029,3.63787287677165
2.54048142961243,1.45394091414359,3.64002281823685
2.54305806359411,1.45220360250767,3.64217181659327
2.54563347691805,1.45046500853107,3.64432007369644
2.54820820660649,1.44872375816389,3.64646774445297
2.55078249137752,1.44698119512656,3.6486149540536
2.55335686207309,1.44523600591747,3.65076179568278
2.55593155408823,1.4434894923382,3.65290834532243
2.55850708933182,1.44174039591057,3.65505465654616
2.56108369692118,1.43998998100833,3.65720077387913
2.56366188716956,1.43823703970905,3.65934672561976
2.5662418801367,1.43648280249068,3.66149253635745
2.56882417198147,1.43472610824443,3.66363821845528
2.57140897108623,1.43296815638783,3.66578378408221
2.57399675701496,1.43120782939556,3.6679292357906
2.57658772400916,1.42944629793703,3.67007457826331
2.5791823327301,1.42768248521122,3.67221980829091
2.58178076097381,1.42591753504734,3.67436492633501
2.58438344833826,1.42415040878546,3.67650992612588
2.58699055403478,1.42238222500175,3.67865480608145
2.5896024945987,1.42061198080497,3.6807995586907
2.59221940869169,1.41884077084569,3.6829441817893
2.59484168796198,1.41706762579412,3.68508866785733
2.59746944874099,1.41529361748887,3.68723301512953
2.6001030561535,1.41351780808732,3.68937721691074
2.60274260261514,1.41174124755151,3.69152127248569
2.60538842529139,1.4099630275618,3.69366517653782
2.60804059130228,1.40818417698906,3.695808929817
2.61069940863026,1.40640381516613,3.69795252873474
2.61336491793592,1.40462295053123,3.70009597574551
2.61603739701741,1.40284072828144,3.70223926918187
2.6187168591374,1.40105813697292,3.70438241330545
2.6214035511399,1.3992743459532,3.7065254084379
2.62409745818443,1.39749032435523,3.70866826063941
2.62679879562963,1.39570526403234,3.71081097218548
2.62950752006627,1.39392011507509,3.71295355083392
2.63222381508002,1.39213409026405,3.71509600069205
2.63494760847102,1.3903481209621,3.71723833103692
2.63767905201073,1.38856143936301,3.71938054761303
2.64041804473232,1.38677495836091,3.7215226609745
2.64316470679811,1.38498792811291,3.72366467824914
2.64591890874274,1.38320124325663,3.72580661097562
2.648680739568,1.38141417052741,3.72794846736554
2.65145004181948,1.37962758648012,3.73009025961309
2.65422687402508,1.37784077310895,3.7322319966826
2.65701105148536,1.3760545890286,3.73437369107243
2.65980260317037,1.37426833024004,3.73651535215159
2.66260131810512,1.37248283753591,3.73865699236347
2.66540719683604,1.37069741974078,3.74079862113104
2.66821999974774,1.36891289957094,3.74293976806257
2.67104018300076,1.36712875529711,3.74508049882149
2.67386748664485,1.3653457918191,3.747220872725
2.6767023317558,1.36356349472551,3.74936093333683
2.67954443335651,1.36178265079195,3.75150072241786
2.68239417754364,1.36000275129812,3.75364026996921
2.68525125413144,1.35822456447354,3.75577960694877
2.68811601452611,1.35644758582843,3.75791875516369
2.69098812341142,1.35467256461374,3.76005773897814
2.69386789799415,1.3528989992477,3.76219657532834
2.6967549781557,1.35112761958914,3.76433528455235
2.69964964760598,1.34935792576473,3.76647388071804
2.70255152199256,1.34759062786663,3.76861238164699
2.7054608524438,1.34582522664561,3.7707507996912
2.70837723117227,1.34406241210544,3.77288915098729
2.71130087784822,1.34230168464886,3.77502744678058
2.71423136226644,1.34054371393201,3.77716570192471
2.7171688739615,1.33878799914893,3.77930392682596
2.72011296153242,1.33703518941819,3.78144213519163
2.72306378588656,1.33528478197652,3.7835803366487
2.72602087583862,1.33353740528901,3.78571854373874
2.7289843653477,1.33179255399934,3.78785676525056
2.73195376502796,1.33005083588065,3.78999501245779
2.73492918372202,1.32831174246134,3.79213329319355
2.73791011558115,1.32657586086364,3.79427161732774
2.7408966462971,1.32484267909223,3.79640999160188
2.74388825543035,1.32311276374011,3.7985484243455
2.74688500760122,1.32138559899304,3.80068692108081
2.74988636976585,1.31966173111744,3.80282548848107
2.75289238764619,1.31794064029685,3.80496413074662
2.75590251767448,1.31622285275426,3.80710285281252
2.75891678892064,1.31450784459731,3.80924165749019
2.76193464944712,1.31279612236813,3.81138054793595
2.76495611397162,1.31108715813124,3.81351952554594
2.76798062439454,1.30938143918794,3.81565859170178
2.77100818341535,1.30767843369493,3.81779774640022
2.77403822901447,1.30597861022772,3.81993698929686
2.77707075422282,1.30428143326811,3.82207631904621
2.78010519535847,1.30258735325269,3.82421573366894
2.7831415381318,1.30089583131332,3.82635523057281
2.78617921945382,1.2992073004027,3.82849480627321
2.78921822004414,1.29752121871346,3.83063445706088
2.79225797964277,1.29583800243326,3.83277417810931
2.79529847627461,1.29415710730507,3.83491396475111
2.79833915470942,1.29247893352953,3.83705381100937
2.80137999252509,1.29080293496099,3.83919371144111
2.80442044167146,1.28912949664485,3.84133365913265
2.8074604814652,1.28745807117164,3.8434736480658
2.81049957312163,1.28578902931159,3.84561367061968
2.8135376998072,1.28412182307184,3.84775372041305
2.81657433234583,1.28245681270614,3.84989516149308
2.81961051775596,1.28079502812322,3.85203769823502
2.82264573965438,1.27913680882626,3.85418107590036
2.8256810304658,1.27748315866934,3.85632508643346
2.82871588455758,1.27583439575826,3.85846954767753
2.83175131708944,1.27419149326541,3.8606143086073
2.83478683183242,1.27255474420332,3.86275923537854
2.83782342441109,1.27092508671508,3.8649042148196
2.84086060638652,1.26930278503639,3.86704914620403
2.84389935187777,1.26768873820322,3.8691939423127
2.84693917848716,1.26608317807941,3.87133852614433
2.84998103709699,1.26448696078387,3.87348282917734
2.85302444955202,1.26290028235624,3.8756267924368
2.85607034197078,1.26132395246331,3.8777703617917
2.85911823864747,1.25975812805434,3.87991349292324
2.86216903959515,1.25820356909911,3.88205614362787
2.86522226980779,1.25666039041595,3.88419828230971
2.86827880202739,1.25512929934581,3.88633987734827
2.87133816026713,1.25361036579991,3.88848090878485
2.87440118900479,1.25210424190065,3.8906213548728
2.87746740968027,1.25061095018008,3.89276120665648
2.8805376376853,1.24913108532754,3.89490045186169
2.8836113903965,1.24766462036854,3.89703909208325
2.88668945346915,1.24621209075536,3.89917712420147
2.88977133884111,1.24477341826465,3.90131455990559
2.89285780195199,1.24334907775309,3.90345140484293
2.8959483480503,1.24193893842992,3.90558768021363
2.89904370205117,1.24054341367511,3.90772339987541
2.90214336139761,1.23916231927053,3.90985859375143
2.90524802033981,1.23779600674252,3.9119932831276
2.90835716754252,1.23644423807296,3.91412750562105
2.91147146661559,1.23510730308083,3.91626128891846
2.91459039662471,1.23378491008348,3.91839467705846
2.91771459072443,1.23247728787134,3.92052770286905
2.92084351772039,1.23118409175155,3.92266041532247
2.92397778065168,1.22990549069568,3.92479285093704
2.92711683756976,1.22864108817366,3.92692506196814
2.93026126188607,1.22739099506548,3.929057087044
2.93341050057652,1.22615476468337,3.93118897996079
2.93656509805312,1.22493245203574,3.93332077982277
2.93972449007188,1.22372356243976,3.93545254021346
2.94288919280564,1.22252809770921,3.93758429910748
2.94605863082563,1.22134551777794,3.93971610819322
2.94923329294896,1.22017577435406,3.9418480028171
2.95241259277659,1.2190182850058,3.94398003123669
2.95559699276732,1.21787295478475,3.94611222484745
2.95878589594326,1.21673916226722,3.94824462714975
2.96197973950669,1.21561676960085,3.95037726449458
2.96517791646415,1.21450512004522,3.9525101745532
2.96838083995775,1.21340403684141,3.95464337780234
2.971587898006,1.2123128412907,3.9567778527208
2.97480019207041,1.21123353896712,3.95891316534882
2.97801709670438,1.2101654341423,3.96104897670301
2.98123967461222,1.20911043935222,3.96318499021232
2.98446729450652,1.20806785312839,3.96532098376967
2.98770097776776,1.20703949163357,3.96745675266962
2.99094008659468,1.2060246422565,3.96959215492457
2.99418559937533,1.20502502251211,3.97172704888864
2.99743687082775,1.2040399030138,3.97386134930707
3.0006948353471,1.20307090108198,3.97599495942117
3.00395883909609,1.20211726503258,3.97812783580148
3.00722977199552,1.20118051100345,3.98025991509733
3.01050697058758,1.20025985981838,3.98239118609759
3.01379128025871,1.19935672593424,3.98452161150914
3.01708202694862,1.19847029796294,3.98665120595733
3.02038001180556,1.19760188866133,3.98877995330963
3.02368454931489,1.1967506502919,3.99090788951287
3.02699639699323,1.1959177943932,3.99303501605909
3.0303148571802,1.1951024334057,3.99516138668587
3.03364064464305,1.1943056786661,3.99728701763304
3.03697304906514,1.19352660005025,3.99941197732446
3.0403127435937,1.19276621027815,4.00153629409986
3.04365900494056,1.19202353469732,4.00366004806291
3.0470124659839,1.19129948958933,4.00578327699847
3.05037239035431,1.1905930546209,4.00790606962104
3.05373937220938,1.18990505241597,4.01002847040603
3.05711266220188,1.18923441663264,4.01215057350996
3.06049281749108,1.1885818796113,4.01427242725459
3.06387907607337,1.18794632949197,4.01639412801962
3.06727195998256,1.18732841226958,4.01851572511917
3.07067069509994,1.18672697184794,4.02063731399224
3.07407577033427,1.18614257233077,4.02275894220029
3.07748640021169,1.18557401541199,4.02488070126329
3.08090304262117,1.1850217882105,4.02700263448432
3.08432490170732,1.18448465291668,4.0291248268022
3.08775240652761,1.18396302494695,4.03124731511399
3.09118475202337,1.18345563029606,4.03337017554168
3.09462234067102,1.18296281825297,4.03549343687737
3.09806435957862,1.18248328243795,4.03761716469323
3.1015111869345,1.18201731179468,4.0397413784791
3.10496200355847,1.18156357181032,4.04186613206313
3.10841716566826,1.18112229698967,4.04399143494991
3.11187584949549,1.18069212925487,4.04611732856492
3.11533839161287,1.18027325462618,4.0482438122353
3.11880396549648,1.17986429626619,4.05037091482385
3.12227289039302,1.17946539764601,4.05249862572667
3.12574433896384,1.17907516812928,4.05462696152118
3.12921861542911,1.17869371449902,4.05675590228671
3.13269489365916,1.17831963736285,4.05888545295431
3.13617346511609,1.17795301255901,4.0610155851893
3.13965349804292,1.17759240751467,4.063141483094
3.14313526511615,1.17723957564941,4.0652639534661
3.14661796296083,1.17689319051329,4.06738366063323
3.15010184844569,1.17655488908571,4.06950111760684
3.15358613047577,1.17622338848049,4.07161675417153
3.15707105506435,1.17590022368686,4.07373089544034
3.16055584384726,1.1755841429664,4.07584382138131
3.1640407358368,1.17527658930473,4.07795573726316
3.16752496632344,1.1749763333637,4.08006682758911
3.17100877047447,1.17468473343841,4.08217722145816
3.17449139842424,1.17440057623701,4.08428704270885
3.1779730841889,1.1741251410497,4.08639637225798
3.18145309406926,1.1738572259258,4.08850529550548
3.1849316633014,1.17359803583969,4.09061386308229
3.18840807572187,1.17334637667489,4.09272213609046
3.19188256991596,1.17310338317227,4.09483014627848
3.19535444861371,1.17286786645771,4.09693793939263
3.19882395568265,1.17264089475838,4.09904553552383
3.20229041405207,1.1724212825811,4.1011529706635
3.20575407463269,1.17221003515083,4.10326025778166
3.2092142817781,1.17200596909772,4.10536742657157
3.21267129504217,1.17181003004467,4.10747448569167
3.21612448132601,1.17162103599976,4.10958146062253
3.21957411026908,1.17143987633243,4.11168835741419
3.22301957232548,1.17126537012512,4.11379519854894
3.22646114850424,1.17109835382602,4.11590198846797
3.2298982536877,1.17093764767299,4.11800874732314
3.23333118137694,1.17078403852736,4.12011547850407
3.2367593716177,1.17063634819908,4.12222220016435
3.24018313135999,1.17049531730654,4.12432891492694
3.24360192640043,1.17035976994065,4.12643563908078
3.24701607792512,1.17023040382989,4.1285423746051
3.2504250779153,1.17010604630747,4.13064913594805
3.2538292624072,1.16998735556869,4.13275592447748
3.25722814984237,1.16987316336615,4.13486275277209
3.26062209154558,1.16976409171358,4.13696962157588
3.26401063253359,1.1696589781414,4.13907654155303
3.26739413968133,1.16955841181748,4.1411835127955
3.27077218453366,1.16946123755766,4.14329054401383
3.27414514960086,1.16936801499178,4.14539763462167
3.27751263274718,1.16927759784778,4.14750479135616
3.28087503202903,1.16919051948506,4.14961201293891
3.2842319712617,1.16910564426129,4.15171930414049
3.28758386378772,1.1690234824803,4.15382666299511
3.29093035884907,1.1689429109119,4.15593409234372
3.29427188464886,1.16886441995448,4.15804158955902
3.29760811518073,1.16878690061267,4.16014915562036
3.30093949292425,1.16871082645321,4.16225678728716
3.3042657158055,1.16863510455594,4.1643644837757
3.3075872398463,1.16856019464221,4.1664722413023
3.31090381230748,1.1684850232387,4.16857449597074
3.31421578521422,1.168411074878,4.17067234684528
3.31752290487722,1.16833734286007,4.17276666698304
3.32082553475272,1.16826524685178,4.17485816206677
3.32412344726361,1.16819382569352,4.17694739126961
3.32741701756486,1.16812444338823,4.17903480749014
3.33070604140528,1.16805617378146,4.18112076866903
3.33399090538075,1.16799033092467,4.18320556532201
3.33727142636327,1.16792601615672,4.18528942651148
3.34054800178298,1.16786449720126,4.18737253841454
3.34382046776464,1.16780489727336,4.18945504763995
3.34708923172227,1.16774844012168,4.19153707327852
3.35035414734331,1.16769426645658,4.19361870925944
3.35361563099799,1.16764355762715,4.19570003149681
3.35687355233619,1.16759546830147,4.19778110033089
3.36012833552406,1.16755113853283,4.19986196385058
3.36337986461122,1.16750973401486,4.20194266104519
3.36662857029896,1.16747235433075,4.20402322204165
3.36987434948303,1.16743817372676,4.20610367232064
3.3731176380634,1.16740825198868,4.20818403039054
3.37635834422427,1.16738176981063,4.21026431324561
3.37959690767214,1.16735974778337,4.2123445318609
3.38283324631411,1.16734137125436,4.21442469795626
3.38606780223262,1.16732762220663,4.21650481760914
3.38930050148631,1.16731768911926,4.2185848993141
3.39253178707981,1.16731251597749,4.22066494595521
3.39576159165167,1.1673112931176,4.22274496410298
3.39899035766558,1.16731492718557,4.22482495455293
3.40221802277591,1.16732260932977,4.22690492277077
3.40544502744574,1.16733520958157,4.22898486818173
3.40867131279744,1.16735191907183,4.23106479565499
3.41189731584917,1.16737357202007,4.23314470371369
3.41512297966916,1.16739935891394,4.23522459693746
3.41834873641283,1.16743007904936,4.2373044732534
3.42157452960738,1.16746492183875,4.23938433712835
3.42480078516476,1.16750465263214,4.24146418609387
3.42802744562872,1.16754845951842,4.24354402459648
3.43125492933407,1.16759707497019,4.24562384990406
3.43448317645241,1.16764968567818,4.24770366648111
3.43771259646404,1.16770699239574,4.24978347141902
3.44094312584222,1.16776818050429,4.25186326920442
3.44417516400041,1.16783392028285,4.25394305681062
3.44740864245817,1.16790339604497,4.25602283872957
3.45064394942316,1.16797724892241,4.25810261185672
3.45388101028444,1.16805466254382,4.26018238066067
3.45712020098582,1.16813625029689,4.26226214198808
3.46036143969505,1.16822119563803,4.26434190024974
3.46360508912195,1.16831008568315,4.26642165226611
3.46685105921477,1.16840210434665,4.26850140235409
3.47009969857353,1.16849781400591,4.27058114732721
3.47335088246547,1.16859637428865,4.27265223630119
3.47660471103566,1.16869893183642,4.27471637413636
3.47986108377451,1.16880472040741,4.27677493059146
3.48312008552541,1.16891482358943,4.27882899956011
3.48638160701826,1.1690284949781,4.28087946160802
3.48964571956394,1.16914676480152,4.2829270179068
3.49291230530098,1.1692688979186,4.28497223518914
3.49618142330386,1.16939587716483,4.28701556275184
3.49945294742646,1.16952697304622,4.28905736637121
3.50272692552744,1.16966312479435,4.29109793400658
3.50600322357946,1.16980360476397,4.29313750292983
3.50928187909225,1.16994931109198,4.29517625785162
3.51256275063657,1.17009951534903,4.29721435396755
3.51584586616144,1.17025507634513,4.29925190996553
3.51913107737846,1.1704152630166,4.30128902867348
3.52241840343102,1.17058089620192,4.30332578658538
3.52570768976924,1.17075124090612,4.30536225313726
3.52899894747934,1.17092708114211,4.30739847785933
3.53229201639549,1.17110767710033,4.30943450888456
3.5355869003034,1.17129377703053,4.31147037849256
3.53888343410811,1.17148463575174,4.31350612118496
3.54218161506646,1.17168096680713,4.31554175816555
3.54548127387626,1.17188201935803,4.31757731514551
3.5487824020541,1.17208847333845,4.31961280616049
3.5520848268411,1.17229957219868,4.32164825116083
3.55538853481805,1.17251596342879,4.32368365947155
3.55869335054215,1.17273688492071,4.32571904715638
3.5619992564754,1.17296295296753,4.32775442036296
3.56530607527971,1.17319340024062,4.32978979240956
3.56861378612348,1.17342881317014,4.33182516721408
3.57192221057137,1.17366841971221,4.33386055602979
3.57523132532621,1.17391277785471,4.33589596112533
3.57854095165656,1.17416111149552,4.33793139208455
3.58185106462511,1.1744139516831,4.33996684988106
3.58516148600212,1.17467051905061,4.34200234265338
3.58847219002717,1.17493131928512,4.34403787029897
3.59178299976067,1.17519557067036,4.3460734396368
3.59509388942184,1.17546375517622,4.34810904962998
3.59840468413428,1.1757350897593,4.35014470585221
3.60171535887975,1.17601003437269,4.35218040643409
3.60502574159682,1.17628780576038,4.35421615575634
3.60833580878727,1.17656884360433,4.35625195120221
3.61164539192974,1.17685236562791,4.35828779600796
3.61495446977281,1.17713879302166,4.36032368689181
3.61826287802819,1.17742734574313,4.36235962600093
3.62157059838243,1.17771842829371,4.36439560947581
3.62487747143631,1.17801126416825,4.36643163844225
3.62818348246524,1.17830624299239,4.36846770855897
3.63148847757346,1.17860259313545,4.37050382001259
3.63479244623149,1.17890069116063,4.3725399680856
3.63809525271254,1.17919975715784,4.37456210040819
3.64139646616257,1.17950047267592,4.3765729902793
3.64469593971897,1.17980212893639,4.37857486409021
3.64799326024966,1.18010536330852,4.38056950440556
3.65128828750391,1.18040949314592,4.38255834039149
3.65458062639474,1.18071512344277,4.38454251417641
3.65787014697793,1.18102158999655,4.38652294123929
3.66115647291034,1.18132947273445,4.38850035192484
3.66443948729634,1.18163812135023,4.39047533195953
3.66771883343325,1.18194809540381,4.39244834765799
3.67099440962443,1.1822587557818,4.39441977354818
3.67426587979029,1.18257064482318,4.39638990700077
3.67753315918643,1.18288313301721,4.39835898755537
3.68079593334722,1.18319674768728,4.40032720472637
3.68405413594052,1.18351086802007,4.40229471199654
3.68730747505696,1.18382600795211,4.4042616302363
3.69055590399749,1.18414155488934,4.40622805826415
3.69379915426031,1.18445801065372,4.4081940734585
3.69703719978808,1.18477477066063,4.41015974009419
3.70026979621526,1.18509232566744,4.41212510817233
3.70349693893467,1.18541007905837,4.41409022029805
3.70671840829977,1.18572851143553,4.4160551093974
3.70993422176654,1.18604703421764,4.41801980461711
3.71314418482726,1.18636611866966,4.41998432836803
3.71634833741986,1.18668518437633,4.42194870154602
3.71954651042079,1.18700469402178,4.42391294019371
3.7227387664746,1.18732407552764,4.42587706022585
3.72592496190555,1.18764378370871,4.42784107390572
3.72910518209593,1.18796325501617,4.42980499418489
3.73227930869612,1.1882829370713,4.43176883112887
3.73544744966533,1.18860227505727,4.43373259593498
3.73860951167267,1.18892171004649,4.43569629740131
3.74176562490481,1.1892406961578,4.43765994565772
3.74491572055894,1.1895596685297,4.43962354874557
3.74805995051591,1.18987809041552,4.4415871160791
3.75119826983219,1.19019639160486,4.44355065518551
3.75433085137254,1.19051404467489,4.44551417490344
3.75745767321292,1.19083147462012,4.4474776823206
3.76057892832335,1.19114816351781,4.44944118571014
3.76369461679779,1.19146453208827,4.45140469169414
3.76680495067465,1.19178007206904,4.4533682079156
3.76990995091375,1.19209520039229,4.45533174044938
3.77300984743851,1.19240941859752,4.45729529620633
3.77610468078416,1.1927231402781,4.45925888060816
3.77919469744236,1.19303587689652,4.46122249972007
3.78227995610863,1.19334803911835,4.46318615820152
3.78536071840659,1.1936591484276,4.46514986116455
3.78843705966686,1.19396961293316,4.46711361240873
3.79150925510405,1.19427896421504,4.46907741600328
3.79457739506373,1.19458760815561,4.47104127481107
3.79764184904187,1.19489511346637,4.47298187950951
3.80070200572374,1.19520199224513,4.47490379685096
3.80375810858256,1.1955078417111,4.47681070876753
3.80680960203885,1.19581314368921,4.47870557593448
3.80985672811144,1.19611752689792,4.48059077675507
3.81289897567679,1.1964214535318,4.48246821848556
3.81593659300791,1.19672457385803,4.4843394316984
3.81896910672522,1.19702733642965,4.48620564207602
3.82199677584576,1.19732940695957,4.48806783364667
3.82501916062047,1.19763122379007,4.48992679364915
3.82803653349454,1.19793246417837,4.49178315515957
3.8310484857431,1.19823355821263,4.49363742409355
3.83405530484198,1.19853419209458,4.49549000858741
3.8370566113541,1.19883478873827,4.49734123426688
3.84005270869633,1.19913504147869,4.49919136523734
3.8430432454678,1.19943536660457,4.5010406116502
3.84602854146266,1.19973546326019,4.50288914543406
3.84900827231218,1.20003574133353,4.50473710278821
3.85198277427591,1.20033590476137,4.50658459665097
3.85495174911341,1.20063635705809,4.50843171583625
3.8579155493653,1.20093680613469,4.51027853549862
3.86087390202493,1.20123764904131,4.51212511403953
3.86382717550477,1.20153859697744,4.51397150235392
3.86677512109218,1.20184004037105,4.5158177392534
3.86971812246928,1.20214169311728,4.51766385997457
3.87265595420111,1.2024439388293,4.51950989062277
3.87558901446761,1.20274649357412,4.52135585622693
3.87851710000294,1.20304973394417,4.52320177455039
3.88144062256189,1.20335337770972,4.52504766385275
3.88435939984153,1.20365779423739,4.52689353631247
3.88727385611374,1.2039627025793,4.52873940557709
3.89018382873592,1.20426846468169,4.53058527997617
3.89308975331951,1.20457480049996,4.53243116989149
3.89599148548931,1.20488206438261,4.53427708089506
3.89888947091364,1.20518997685039,4.53612302094018
3.90178358201026,1.20549888449853,4.53796899352983
3.90467427313109,1.20580850811486,4.53981500471105
3.90756143194167,1.20611918641105,4.54166105635847
3.91044552002802,1.20643064018298,4.54350715294405
3.9133264386996,1.20674320015614,4.54535329500597
3.91620465526515,1.20705658691453,4.54719948566037
3.91908008302821,1.20737112312427,4.54904572431478
3.92195319346123,1.20768652897659,4.55089201288676
3.92482391017881,1.20800311903574,4.55273834981216
3.92769270722456,1.20832061295807,4.55458473593607
3.930559516821,1.20863931719496,4.55643116885879
3.93342481397046,1.2089589507642,4.55827764846645
3.93628853779279,1.20927981202531,4.56012417165126
3.93915116263021,1.20960161929161,4.56197073745182
3.94201263279427,1.20992466288389,4.56381734217852
3.94487343550445,1.21024862269619,4.56562652706582
3.9477324008023,1.21057374333662,4.56740551530685
3.95058986650511,1.21089979136816,4.56916018974186
3.95344476282083,1.21122697811386,4.57089531760538
3.95629737206872,1.2115550842527,4.5726147412073
3.95914669519969,1.21188429903916,4.5743215520593
3.96199298796045,1.2122144107664,4.57601823068213
3.96483530655303,1.21254559312491,4.57770676593749
3.96767389707482,1.21287763852769,4.5793887508186
3.97050786258299,1.2132107090536,4.58106545972525
3.97333745004274,1.21354459931525,4.58273791320141
3.97616180485978,1.21387946228515,4.58440692591514
3.97898118177637,1.21421509373354,4.58607315108797
3.98179476625988,1.2145516391859,4.58773710866832
3.98460282560625,1.21488889504204,4.58939921698774
3.98740458433649,1.21522700053564,4.59105980759785
3.99020032575239,1.21556575247931,4.59271914913126
3.99298931313801,1.21590528466681,4.59437745308813
3.99577184838248,1.21624539429988,4.59603489310111
3.99854723361124,1.21658621040094,4.59769160449202
4.00131579126961,1.21692753065901,4.59934770095971
4.00407686254932,1.21726947988308,4.60100326977154
4.00683079195575,1.21761185642492,4.60265838712424
4.00957695997405,1.21795478137117,4.6043131102181
4.01231573429258,1.21829805396086,4.60596749204407
4.01504653482517,1.21864179200864,4.60762157119291
4.01776975323299,1.21898579589587,4.60927538650197
4.02048484884045,1.21933018059015,4.61092896519778
4.02319223776576,1.21967474788819,4.61258233763071
4.02589141853367,1.22001961031843,4.61423552418699
4.02858283191451,1.22036457137533,4.61588855020822
4.03126601520762,1.22070974154316,4.61754143200411
4.0339414337528,1.22105492629963,4.61919419197065
4.03660866297092,1.22140023446827,4.62084684396701
4.0392681924204,1.22174547379416,4.62249940859377
4.04191963475986,1.22209075181188,4.62415189815293
4.04456350315707,1.22243587881271,4.62580433201544
4.04719944639727,1.22278096140136,4.62745672135296
4.0498280004012,1.22312581268612,4.62910908450513
4.05244884875055,1.22347053868637,4.63076143165021
4.0550625490287,1.22381495558764,4.63241378007232
4.05766881807728,1.22415916915219,4.6340661389219
4.06026823383341,1.22450299889023,4.63571852427891
4.06286054467157,1.22484655061676,4.63737094414064
4.06544634737256,1.22518964739939,4.63902341317658
4.06802541994436,1.22553239539542,4.6406759380696
4.07059837631943,1.22587462144619,4.64232853186053
4.07316502208774,1.22621643231871,4.64398119975773
4.07572598648003,1.22655765882635,4.64563395297425
4.07828110048584,1.22689840858951,4.64728679510984
4.0808313003117,1.22723855260902,4.64888160638503
4.08337466699142,1.22757799390138,4.65042892947455
4.08591149056212,1.22791658207438,4.65193760361367
4.08844010016151,1.22825422090857,4.65341493018659
4.09096068205239,1.22859076979604,4.65486687919624
4.09347173241946,1.22892613683303,4.65629829290044
4.09597340028531,1.22926019101327,4.65771308640668
4.09846430780014,1.22959284668524,4.65911440613358
4.10094460140541,1.22992398239175,4.6605047854191
4.10341300683185,1.23025351986774,4.66188624894721
4.10586968757472,1.23058134724084,4.66326042683422
4.1083134604296,1.23090739437035,4.6646286160101
4.11074451797883,1.23123155907483,4.66599186451332
4.11316176113731,1.23155377986986,4.6673510021324
4.11556541950389,1.23187396441713,4.66870670524558
4.11795447439334,1.23219206030009,4.67005950621565
4.12032919797742,1.23250798519531,4.67140984616574
4.12268865009491,1.23282169608188,4.6727580697431
4.12503314955451,1.23313312081814,4.67410447072946
4.12736183382549,1.23344222603643,4.6754492766388
4.12967507137511,1.23374894991863,4.67679269028297
4.13197207683493,1.23405326894133,4.67813486720473
4.13425327053433,1.23435513171075,4.67947595512485
4.13651794385579,1.23465452467163,4.68081606625221
4.13876657048175,1.23495140690271,4.68215531575486
4.14099851794549,1.23524577487174,4.68349379037204
4.1432143141054,1.23553759811758,4.6848315865436
4.14541340169573,1.23582688311491,4.68616877635633
4.14759636292251,1.23611360978445,4.6875054456387
4.14976271432126,1.23639779451975,4.68884165802622
4.15191309197451,1.23667942747621,4.69017749311836
4.15404708431558,1.23695853480569,4.69151300929146
4.15616538020068,1.23723511668129,4.69284828187995
4.15826763753549,1.23750920878054,4.69418336526581
4.16035459623571,1.23778082100764,4.69551833096008
4.16242598074249,1.23804999826255,4.69685322943135
4.16448257973736,1.23831675982599,4.69818812790925
4.16652418078149,1.23858115944857,4.69952307236646
4.1685516184934,1.23884322536766,4.70085812483213
4.17056473971004,1.2391030197473,4.70219332590328
4.17256442167798,1.23936057929974,4.703528731337
4.1745505662985,1.23961597410371,4.70486437543223
4.17652408972074,1.23986924880704,4.70620030666115
4.17848494440002,1.24012048084727,4.70753655222854
4.18043408131486,1.24036972221603,4.70887315250317
4.18237149873633,1.24061705710198,4.71021012702816
4.18429817812231,1.24086254420169,4.71154750752053
4.18621415866262,1.24110627380111,4.71288530557226
4.18812044773731,1.24134831062183,4.71422354400001
4.19001712046398,1.24158875035337,4.71556222644276
