0,-0.6,-0.64,0.14
0.01,-0.6,-0.639999991551955,0.139990083161606
0.02,-0.6,-0.639999866369674,0.13996066391638
0.03,-0.6,-0.639999333817286,0.139912236170884
0.04,-0.6,-0.639997932594847,0.139845290162997
0.05,-0.6,-0.63999505981366,0.139760313140643
0.06,-0.6,-0.639990000902064,0.139657790062187
0.07,-0.6,-0.639981967569779,0.139538204399308
0.08,-0.6,-0.639970127426562,0.139402038632974
0.09,-0.6,-0.639953642227384,0.139249774703052
0.1,-0.6,-0.639931692226642,0.139081894072927
0.11,-0.6,-0.639903505470849,0.138898877658307
0.12,-0.6,-0.639868375830506,0.138701205509823
0.13,-0.6,-0.639825679175984,0.138489356388683
0.14,-0.6,-0.639774883607637,0.138263807221593
0.15,-0.6,-0.639715553149272,0.138025032580413
0.16,-0.6,-0.639647349333209,0.137773504115092
0.17,-0.6,-0.639570026360271,0.137509690080207
0.18,-0.6,-0.639483425095988,0.137234054888633
0.19,-0.6,-0.639387462623168,0.136947058727442
0.2,-0.6,-0.639282121990684,0.136649157235689
0.21,-0.6,-0.639167442236949,0.136340801306814
0.22,-0.6,-0.639043500264942,0.136022436667291
0.23,-0.6,-0.638910405739361,0.135694503856503
0.24,-0.6,-0.638768287657591,0.135357437967113
0.25,-0.6,-0.638617283157201,0.135011668444821
0.26,-0.6,-0.63845753353886,0.134657618995198
0.27,-0.6,-0.638289174288434,0.134295707382277
0.28,-0.6,-0.638112333554462,0.133926345346617
0.29,-0.6,-0.637927126984132,0.133549938445317
0.3,-0.6,-0.637733658542639,0.133166885991777
0.31,-0.6,-0.637532018955515,0.132777580917461
0.32,-0.6,-0.637322288208447,0.132382409740257
0.33,-0.6,-0.637104537112731,0.131981752439596
0.34,-0.6,-0.636878829925567,0.131575982435353
0.35,-0.6,-0.636645227720732,0.131165466515594
0.36,-0.6,-0.636403792168897,0.130750564736899
0.37,-0.6,-0.63615458740564,0.130331630441681
0.38,-0.6,-0.63589768410123,0.129909010160028
0.39,-0.6,-0.635633162101451,0.129483043564722
0.4,-0.6,-0.635361110936866,0.129054063456401
0.41,-0.6,-0.635081633614274,0.128622395682711
0.42,-0.6,-0.634794845909803,0.128188359135195
0.43,-0.6,-0.634500877328398,0.127752265707665
0.44,-0.6,-0.634199871602289,0.127314420264854
0.45,-0.6,-0.633891985265635,0.126875120644777
0.46,-0.6,-0.633577387452424,0.126434657627416
0.47,-0.6,-0.633256258568226,0.125993314939952
0.48,-0.6,-0.632928788986896,0.125551369261086
0.49,-0.6,-0.632595177096212,0.125109090218339
0.5,-0.6,-0.632255628168924,0.124666740405299
0.51,-0.6,-0.631910353642109,0.12422457539685
0.52,-0.6,-0.631559567763047,0.12378284377753
0.53,-0.6,-0.631203486983052,0.123341787159055
0.54,-0.6,-0.630842330386568,0.122901640206109
0.55,-0.6,-0.630476317045936,0.122462630685914
0.56,-0.6,-0.630105664603595,0.122024979504139
0.57,-0.6,-0.629730590445884,0.121588900732479
0.58,-0.6,-0.629351310830658,0.121154601659565
0.59,-0.6,-0.628968039599859,0.120722282862904
0.6,-0.6,-0.628580988919374,0.120292138237238
0.61,-0.6,-0.628190369451154,0.119864355035089
0.62,-0.6,-0.627796389784565,0.119439113980969
0.63,-0.6,-0.627399256764325,0.119016589317071
0.64,-0.6,-0.626999176001827,0.118596948793974
0.65,-0.6,-0.626596351724038,0.118180353807036
0.66,-0.6,-0.626190987080725,0.117766959514454
0.67,-0.6,-0.625783284258914,0.117356914858862
0.68,-0.6,-0.62537344470297,0.116950362590975
0.69,-0.6,-0.624961668717684,0.116547439334029
0.7,-0.6,-0.624548156027498,0.116148275815324
0.71,-0.6,-0.624133105824169,0.115752996879788
0.72,-0.6,-0.623716716292654,0.115361721520218
0.73,-0.6,-0.623299184351275,0.114974562903583
0.74,-0.6,-0.622880705772078,0.114591628597045
0.75,-0.6,-0.622461474984776,0.114213020656383
0.76,-0.599999991816072,-0.622041686680594,0.113839831203812
0.77,-0.599999870884348,-0.621621549606045,0.113473131167425
0.78,-0.599999352780487,-0.621201300175719,0.113113002322808
0.79,-0.599997978675952,-0.62078120192843,0.112759519135596
0.8,-0.599995136832268,-0.620361541663692,0.112412749456208
0.81,-0.599990087821599,-0.619942625003923,0.112072755259055
0.82,-0.599981996725358,-0.619524770730806,0.111739593610039
0.83,-0.599969961901458,-0.619108305795464,0.11141331731838
0.84,-0.599953047685257,-0.618693559624025,0.111093975649958
0.85,-0.599930312669411,-0.618280859227305,0.110781614717669
0.86,-0.599900835045363,-0.617870524818291,0.1104762777283
0.87,-0.599863735871166,-0.617462865797566,0.11017800503463
0.88,-0.599818194388253,-0.617058178113891,0.1098868340476
0.89,-0.59976346256571,-0.616656741757677,0.109602799071113
0.9,-0.59969887172654,-0.616258819619274,0.109325931088012
0.91,-0.599623836405663,-0.615864656820867,0.109056257565646
0.92,-0.599537854028306,-0.615474480764239,0.108793802279022
0.93,-0.599440500592616,-0.615088501863452,0.108538585214976
0.94,-0.599331424143937,-0.61470691465069,0.108290622512774
0.95,-0.599210336948182,-0.614329899107411,0.108049926480863
0.96,-0.599077003707772,-0.613957622663751,0.10781650566758
0.97,-0.598931233497038,-0.613590241567762,0.107590364943142
0.98,-0.59877286688121,-0.613227903069209,0.1073715056532
0.99,-0.598601767474602,-0.61287074684943,0.107159925738234
1,-0.598417812471627,-0.612518906623379,0.106955619889797
1.01,-0.598220883823075,-0.612172511631696,0.106758579705587
1.02,-0.598010863635462,-0.611831687416046,0.106568793806812
1.03,-0.597787627274221,-0.611496556983059,0.106386248000552
1.04,-0.597551041871735,-0.611167241054226,0.106210925372721
1.05,-0.597300962780495,-0.610843858663063,0.106042806436867
1.06,-0.597037234610008,-0.610526526980524,0.105881869200454
1.07,-0.596759690525026,-0.610215361433801,0.10572808930827
1.08,-0.596468154861286,-0.609910475270115,0.105581440071283
1.09,-0.596162445018346,-0.609611979243452,0.105441892610524
1.1,-0.595842373997504,-0.609319981195695,0.105309415863555
1.11,-0.595507753865033,-0.609034585489406,0.105183976671731
1.12,-0.595158399330072,-0.608755892419829,0.105065539874917
1.13,-0.594794129351833,-0.608483997964274,0.104954068282258
1.14,-0.594414771138315,-0.608218993139455,0.104849522775378
1.15,-0.594020162638717,-0.607960963609187,0.104751862351851
1.16,-0.593610152703679,-0.607709989682978,0.104661044134212
1.17,-0.593184604747144,-0.607466145753104,0.104577023469809
1.18,-0.592743396320917,-0.607229500391514,0.104499753950579
1.19,-0.592286419416486,-0.607000116344372,0.104429187470926
1.2,-0.591813581451445,-0.606778050427505,0.10436527432696
1.21,-0.59132480384243,-0.606563353785064,0.10430796322629
1.22,-0.590820021639927,-0.606356072025975,0.104257201406678
1.23,-0.590299182517662,-0.606156245452541,0.104212934733278
1.24,-0.589762245951832,-0.605963909197073,0.104175107669669
1.25,-0.589209181351675,-0.605779093643395,0.104143663458363
1.26,-0.588639966502406,-0.605601824753956,0.104118544237168
1.27,-0.588054586948036,-0.605432124178697,0.104099691019241
1.28,-0.587453035788719,-0.605270009325881,0.104087043729556
1.29,-0.586835310105431,-0.605115494106162,0.104080541457078
1.3,-0.586201410694907,-0.604968588992839,0.104080122471853
1.31,-0.585551343195995,-0.604829300835107,0.10408572417094
1.32,-0.584885116004937,-0.604697633315206,0.104097283251217
1.33,-0.584202739271154,-0.604573587189171,0.104114735812096
1.34,-0.583504225939892,-0.60445716011301,0.104138017314961
1.35,-0.582789591062679,-0.60434834684238,0.104167062685923
1.36,-0.582058851219851,-0.604247139415128,0.104201806426861
1.37,-0.581312025393484,-0.604153527005638,0.104242182577553
1.38,-0.580549134878874,-0.604067496010596,0.104288124784084
1.39,-0.579770203082969,-0.603989030191029,0.104339566425923
1.4,-0.578975256048505,-0.603918110599955,0.104396440604221
1.41,-0.578164322713793,-0.603854715538237,0.104458680108927
1.42,-0.577337434906565,-0.603798820724704,0.104526217599172
1.43,-0.576494627440932,-0.603750399324239,0.104598985645723
1.44,-0.575635938424119,-0.603709421911563,0.104676916706519
1.45,-0.574761409263065,-0.603675856405681,0.104759943033982
1.46,-0.573871084526515,-0.603649668367738,0.104847996948489
1.47,-0.572965011953719,-0.603630821039233,0.104941010876342
1.48,-0.572043242445751,-0.603619275339504,0.105038917340499
1.49,-0.571105829921636,-0.60361498986957,0.105141648867065
1.5,-0.570152831071754,-0.603617921107348,0.105249138100205
1.51,-0.569184302209302,-0.603628025749276,0.10536085424452
1.52,-0.568200353111992,-0.603645245151209,0.105476282259413
1.53,-0.567201197420986,-0.603669490880133,0.105595351650211
1.54,-0.56618714190426,-0.603700648977789,0.105717990148426
1.55,-0.565158574998851,-0.603738582983372,0.105844124136797
1.56,-0.564115954125508,-0.60378313726731,0.105973679032382
1.57,-0.563059786939773,-0.603834141957661,0.106106579914075
1.58,-0.561990618329425,-0.603891416356591,0.106242751860053
1.59,-0.560909010233678,-0.603954774241837,0.106382120516632
1.6,-0.559815530306033,-0.604024026853521,0.106524612348612
1.61,-0.558710734180184,-0.604098987560814,0.106670155018713
1.62,-0.557595157664092,-0.604179473931729,0.106818677497373
1.63,-0.556469304358738,-0.604265311007552,0.106970110240353
1.64,-0.555333641639954,-0.604356332388371,0.1071243851937
1.65,-0.5541885942204,-0.604452381960554,0.107281435826293
1.66,-0.553034544121856,-0.604553313943822,0.10744119707055
1.67,-0.551871829436064,-0.604658993264831,0.107603605279438
1.68,-0.550700747468691,-0.604769294776899,0.107768598146843
1.69,-0.549521557484646,-0.604884102597999,0.107936114633194
1.7,-0.54833448517198,-0.605003308978772,0.108106094900295
1.71,-0.547139728763297,-0.60512681276857,0.108278480218859
1.72,-0.545937462871956,-0.605254518440076,0.108453212929078
1.73,-0.544727845288533,-0.605386334371672,0.108630236365691
1.74,-0.543511022765642,-0.605522171381465,0.10880949480009
1.75,-0.5422871327741,-0.60566194229443,0.108990933430568
1.76,-0.541056311525438,-0.605805559910105,0.109174498310411
1.77,-0.539818694607172,-0.605952936858898,0.109360136348803
1.78,-0.53857441990576,-0.606103984881333,0.109547795293611
1.79,-0.537323630446909,-0.606258614126171,0.10973742371715
1.8,-0.536066473578023,-0.606416733388224,0.109928971029573
1.81,-0.534803102839902,-0.606578249665726,0.110122387482322
1.82,-0.533533676415135,-0.606743068583995,0.11031762418387
1.83,-0.532258356617479,-0.60691109456927,0.110514633121935
1.84,-0.530977308665618,-0.607082231198207,0.110713367187368
1.85,-0.529690699410488,-0.607256381547192,0.110913780176537
1.86,-0.528398694917751,-0.607433448870582,0.111115826837552
1.87,-0.527101459141049,-0.607613336964717,0.111319462882882
1.88,-0.525799153030376,-0.607795950423545,0.111524644981948
1.89,-0.524491931920046,-0.607981195359135,0.111731330797512
1.9,-0.523179944363666,-0.608168979726608,0.11193947899154
1.91,-0.521863332477089,-0.608359213255901,0.112149049209396
1.92,-0.520542229512911,-0.608551808121561,0.112360002101577
1.93,-0.519216759820296,-0.608746678971829,0.112572299317706
1.94,-0.51788703951183,-0.60894374277689,0.112785903489974
1.95,-0.516553175290744,-0.609142919168605,0.113000778239652
1.96,-0.515215265119422,-0.609344130282936,0.113216888165392
1.97,-0.513873398877709,-0.609547300610053,0.113434198828254
1.98,-0.512527658485119,-0.609752356993784,0.11365267674757
1.99,-0.511178118681003,-0.609959228443181,0.113872289389879
2,-0.509824847458563,-0.610167846038053,0.11409300515446
2.01,-0.508467907180746,-0.610378142669202,0.114314793361926
2.02,-0.507107355129915,-0.610590052905037,0.114537624248689
2.03,-0.505743243868843,-0.610803512919331,0.114761468951665
2.04,-0.504375621443505,-0.611018460458956,0.114986299498081
2.05,-0.503004532989616,-0.611234834444429,0.115212088792281
2.06,-0.501630020841634,-0.611452574946129,0.115438810612815
2.07,-0.500252124019227,-0.611671623347781,0.115666439597861
2.08,-0.498870878658942,-0.611891922248258,0.115894951234981
2.09,-0.497486318906046,-0.612113415240143,0.116124321849987
2.1,-0.496098476863832,-0.612336046926959,0.116354528604386
2.11,-0.494707381845888,-0.612559763148076,0.116585549481313
2.12,-0.493313060788263,-0.612784510884487,0.116817363274396
2.13,-0.491915538289112,-0.61301023825049,0.117049949577431
2.14,-0.49051483653066,-0.613236894516072,0.117283288782506
2.15,-0.489110974895733,-0.613464430236127,0.117517362064461
2.16,-0.487703970255675,-0.613692797192437,0.1177521513686
2.17,-0.486293836579056,-0.613921948487649,0.117987639399357
2.18,-0.484880584799924,-0.614151838580963,0.118223809617357
2.19,-0.48346422295598,-0.614382423275886,0.118460646224304
2.2,-0.482044756448886,-0.614613659676573,0.118698134148985
2.21,-0.480622187631625,-0.614845506278424,0.118936259033606
2.22,-0.4791965157268,-0.615077922988841,0.119175007229082
2.23,-0.47776773718568,-0.615310871056875,0.119414365782724
2.24,-0.476335845884674,-0.615544313036446,0.119654322417894
2.25,-0.47490083296238,-0.615778212817408,0.119894865528683
2.26,-0.473462688332786,-0.616012534728235,0.120135743834962
2.27,-0.472021423960317,-0.6162472330917,0.12037670495264
2.28,-0.470577096570557,-0.616482242067236,0.120617738598923
2.29,-0.469129805382087,-0.616717476477393,0.120858834757296
2.3,-0.467679686853257,-0.616952834258699,0.12109998374063
2.31,-0.466226908840756,-0.617188199178546,0.121341176248476
2.32,-0.464771661489924,-0.617423445058551,0.121582403471913
2.33,-0.463314150608588,-0.617658438847876,0.121823657152964
2.34,-0.461854589892137,-0.617893044227564,0.122064929644007
2.35,-0.460393191969178,-0.618127125750559,0.122306213972147
2.36,-0.458930164781233,-0.618360550527835,0.12254750384061
2.37,-0.457465702501722,-0.618593192421046,0.122788793660051
2.38,-0.455999984502524,-0.61882493253408,0.123030078524225
2.39,-0.454533169581975,-0.61905566187747,0.123271354198066
2.4,-0.453065395748417,-0.619285281480185,0.12351261708874
2.41,-0.451596778339663,-0.619513703259918,0.123753864210128
2.42,-0.450127410570589,-0.619740849779703,0.123995093153367
2.43,-0.448657364749419,-0.61996665369394,0.124236302049615
2.44,-0.447186693590153,-0.620191057144776,0.124477489537915
2.45,-0.445715432610907,-0.620414010675459,0.12471865474318
2.46,-0.444243603193113,-0.62063547180938,0.124959797236152
2.47,-0.442771214614115,-0.620855404132684,0.12520091702063
2.48,-0.441298266509672,-0.621073776171797,0.125442014510589
2.49,-0.439824753401958,-0.621290559288757,0.125683090496731
2.5,-0.438350665060826,-0.621505727544314,0.125924146141961
2.51,-0.436875988408742,-0.621719256830103,0.126165182962178
2.52,-0.435400711661182,-0.621931122941106,0.12640620279791
2.53,-0.43392482333083,-0.622141302063376,0.126647207812728
2.54,-0.432448313372359,-0.622349770253093,0.126888200476813
2.55,-0.430971175065332,-0.622556502555314,0.127129183548487
2.56,-0.429493403736099,-0.622761473620356,0.127370160072237
2.57,-0.428014997270878,-0.622964657461073,0.127611133362964
2.58,-0.426535956033473,-0.623166027481804,0.127852106995888
2.59,-0.425056281766127,-0.623365557020653,0.128093084804411
2.6,-0.423575977139487,-0.623563219536221,0.128334070864863
2.61,-0.422095045004452,-0.623758988935619,0.128575069488606
2.62,-0.420613487722191,-0.623952839927539,0.128816085218846
2.63,-0.419131306658087,-0.624144748247717,0.129057122818307
2.64,-0.417648500639352,-0.624334691327307,0.129298187257022
2.65,-0.416165065892441,-0.624522648343339,0.129539283708007
2.66,-0.4146809964231,-0.624708600091536,0.129780417539509
2.67,-0.413196282569646,-0.624892529590554,0.130021594298271
2.68,-0.411710910610532,-0.625074422251558,0.13026281970343
2.69,-0.410224863734015,-0.625254265484252,0.130504099639445
2.7,-0.408738121695917,-0.625432048837378,0.130745440143825
2.71,-0.407250660502022,-0.625607764101352,0.130986847394812
2.72,-0.405762452996913,-0.625781405061044,0.131228327705916
2.73,-0.404273469189869,-0.6259529673836,0.131469887518417
2.74,-0.402783676500679,-0.626122448437809,0.131711533384872
2.75,-0.401293040061403,-0.626289847140385,0.131953271963866
2.76,-0.3998015231557,-0.626455163820651,0.132195110014797
2.77,-0.39830908716029,-0.626618400264655,0.132437054389998
2.78,-0.396815692586129,-0.626779559125277,0.132679112016074
2.79,-0.395321299163874,-0.626938643876658,0.13292128989268
2.8,-0.393825866087279,-0.627095658739201,0.133163595085693
2.81,-0.392329351452618,-0.62725060907992,0.133406034726654
2.82,-0.390831713130638,-0.627403500853243,0.13364861599424
2.83,-0.389332909271819,-0.62755434031357,0.13389134610548
2.84,-0.387832898303096,-0.627703134017062,0.134134232315714
2.85,-0.386331638371936,-0.627849889165299,0.134377281913737
2.86,-0.384829087275592,-0.627994613725186,0.134620502216344
2.87,-0.383325203041199,-0.628137315989568,0.134863900555143
2.88,-0.381819943816185,-0.628278004608026,0.135107484271923
2.89,-0.38031326777962,-0.628416688622903,0.135351260717224
2.9,-0.378805132823535,-0.628553377735628,0.135595237244804
2.91,-0.377295496989551,-0.628688082158931,0.135839421207841
2.92,-0.375784318119311,-0.628820812568142,0.136083819945334
2.93,-0.374271553805389,-0.628951580110387,0.136328440781038
2.94,-0.372757161390476,-0.629080396406019,0.136573291023378
2.95,-0.37124109802199,-0.629207273655352,0.136818377959018
2.96,-0.369723320881545,-0.629332224609594,0.137063708846583
2.97,-0.368203786962325,-0.629455262457849,0.137309290910245
2.98,-0.366682452999044,-0.629576400843641,0.137555131337097
2.99,-0.365159275487228,-0.629695653863771,0.137801237276852
3,-0.363634211054986,-0.629813036032609,0.138047615700676
3.01,-0.362107217329917,-0.62992856048423,0.13829414805686
3.02,-0.360578265309042,-0.630042224087717,0.138540730434098
3.03,-0.359047350273445,-0.630153994349966,0.13878736972348
3.04,-0.357514490812248,-0.630263810194242,0.139034072586004
3.05,-0.355979726278576,-0.630371585175762,0.139280845525674
3.06,-0.354443112999624,-0.63047721226221,0.13952769492137
3.07,-0.352904720038353,-0.630580569145317,0.139774627069258
3.08,-0.351364626476269,-0.63068152168476,0.14002164819697
3.09,-0.349822915328628,-0.630779931511963,0.140268764509064
3.1,-0.3482796709585,-0.630875659285816,0.140515982194635
3.11,-0.346734976473191,-0.630968567970921,0.140763307430548
3.12,-0.345188908319429,-0.631058529568548,0.141010746394852
3.13,-0.343641536786133,-0.631145424524112,0.141258305250237
3.14,-0.342092922701742,-0.631229145834484,0.141505990136514
3.15,-0.340543116775144,-0.631309599875353,0.141753807158937
3.16,-0.338992159660586,-0.631386706325948,0.142001762373143
3.17,-0.337440081127348,-0.631460399181355,0.142249861771691
3.18,-0.335886901495583,-0.63153062498846,0.142498111275619
3.19,-0.334332632037141,-0.631597342307806,0.14274651672192
3.2,-0.332777276224626,-0.631660520164463,0.142995083858748
3.21,-0.331220830844177,-0.63172013668895,0.143243818340647
3.22,-0.32966328805361,-0.631776176480251,0.143492725722785
3.23,-0.328104636319815,-0.63182862946959,0.143741811460239
3.24,-0.3265448612404,-0.631877489934689,0.143991080905618
3.25,-0.324983948001893,-0.631922753363789,0.14424053930787
3.26,-0.323421881740589,-0.631964416035569,0.14449019181165
3.27,-0.321858647716901,-0.632002474840189,0.144740043455626
3.28,-0.320294233360066,-0.632036924666524,0.144990099173329
3.29,-0.318728627960563,-0.632067758818408,0.145240363792476
3.3,-0.317161822520704,-0.632094969233735,0.145490842033702
3.31,-0.315593810715281,-0.632118545224137,0.145741538512571
3.32,-0.314024588303926,-0.632138474243998,0.145992457738742
3.33,-0.312454152825766,-0.632154742301706,0.146243604114897
3.34,-0.31088250358808,-0.632167333896062,0.14649498193962
3.35,-0.309309641107896,-0.632176232733295,0.146746595406749
3.36,-0.307735566961788,-0.632181422011194,0.1469984486024
3.37,-0.306160283007,-0.632182885257532,0.14725054550846
3.38,-0.30458379101425,-0.632180606750729,0.147502890003452
3.39,-0.303006092393563,-0.632174571955422,0.147755485859491
3.4,-0.301427188659493,-0.632164767045105,0.148008336740039
3.41,-0.299847080027028,-0.632151180420158,0.148261446203879
3.42,-0.29826576517209,-0.632133802977992,0.148514817705497
3.43,-0.296683241613229,-0.632112627724973,0.148768454593509
3.44,-0.295099506248418,-0.632087649264699,0.149022360106654
3.45,-0.293514554513223,-0.632058864614255,0.149276537378533
3.46,-0.291928380383377,-0.632026273170969,0.149530989438877
3.47,-0.290340976820098,-0.631989876224323,0.149785719212597
3.48,-0.288752335934744,-0.631949676868059,0.150040729516052
3.49,-0.287162448982531,-0.631905679813527,0.150296023063526
3.5,-0.285571306486435,-0.631857891194063,0.150551602469007
3.51,-0.283978898634144,-0.631806318083787,0.150807470247093
3.52,-0.2823852150188,-0.631750969147032,0.151063628802915
3.53,-0.280790245048996,-0.631691853829299,0.151320080442785
3.54,-0.279193978288612,-0.631628981798491,0.151576827379345
3.55,-0.277596404456809,-0.631562362944915,0.151833871731568
3.56,-0.275997513425761,-0.631492007520882,0.152091215522341
3.57,-0.27439729510588,-0.631417926545133,0.152348860671874
3.58,-0.272795739711202,-0.631340131100205,0.152606809008897
3.59,-0.271192837920059,-0.631258632097858,0.152865062274123
3.6,-0.269588580832943,-0.631173440346209,0.153123622120029
3.61,-0.267982959699764,-0.631084567090843,0.153382490105297
3.62,-0.266375966098822,-0.630992023717909,0.15364166769766
3.63,-0.264767591923096,-0.630895821588506,0.153901156282028
3.64,-0.263157829355583,-0.630795972062886,0.154160957160945
3.65,-0.261546670726216,-0.630692486790369,0.154421071552057
3.66,-0.259934108635804,-0.630585377731365,0.154681500582664
3.67,-0.258320135809716,-0.63047465702499,0.154942245302034
3.68,-0.256704745038055,-0.630360337011733,0.155203306683584
3.69,-0.255087929160668,-0.630242430244468,0.155464685625413
3.7,-0.253469681109795,-0.630120949669344,0.155726382945177
3.71,-0.251849994072267,-0.629995908600696,0.155988399374728
3.72,-0.250228861230456,-0.629867320577304,0.156250735576866
3.73,-0.248606275732442,-0.629735199358837,0.156513392146925
3.74,-0.246982230692015,-0.62959955892585,0.15677636961277
3.75,-0.245356719338719,-0.629460413517647,0.15703966843215
3.76,-0.243729735760686,-0.629317774957412,0.15730322711063
3.77,-0.242101282179104,-0.629171625717635,0.157566983287829
3.78,-0.240471376240923,-0.629021893462853,0.157830937119509
3.79,-0.238840050601649,-0.628868452024223,0.158095088615734
3.8,-0.237207351182287,-0.628711127863853,0.158359437676113
3.81,-0.235573334707968,-0.628549709017613,0.158623984158016
3.82,-0.23393806668092,-0.628383952571698,0.158888727916031
3.83,-0.232301618264472,-0.628213595979279,0.159153668861632
3.84,-0.230664063671065,-0.628038366517967,0.159418806998252
3.85,-0.229025478508636,-0.627857987395443,0.159684142421469
3.86,-0.22738593617705,-0.627672190646327,0.15994967533415
3.87,-0.225745507413307,-0.62748071885738,0.160215406019401
3.88,-0.224104257834065,-0.627283333939297,0.160481334812809
3.89,-0.222462247405988,-0.627079819010691,0.160747462074672
3.9,-0.220819529417611,-0.626869982025123,0.161013788148854
3.91,-0.21917615035069,-0.626653656177955,0.161280313338214
3.92,-0.217532149857337,-0.626430699908974,0.161547037875905
3.93,-0.215887561007401,-0.626200995960597,0.161813961909325
3.94,-0.214242410967113,-0.62596444886383,0.162081085493811
3.95,-0.212596721698058,-0.625720982409778,0.162348408585686
3.96,-0.210950510528091,-0.625470537530965,0.162615931049682
3.97,-0.209303791480783,-0.625213067535028,0.162883652667298
3.98,-0.207656576149001,-0.624948534989489,0.163151573146972
3.99,-0.206008873929673,-0.624676910835503,0.163419692131556
4,-0.204360693463566,-0.624398169290971,0.163688009216297
4.01,-0.202712043512931,-0.624112284747156,0.163956523962781
4.02,-0.201062932645573,-0.623819232892163,0.164225235896921
4.03,-0.199413370340044,-0.623518986827856,0.164494144526632
4.04,-0.197763367218642,-0.623211516261403,0.164763249347411
4.05,-0.196112934887628,-0.622896788115959,0.165032549841199
4.06,-0.194462086402265,-0.622574764882839,0.165302045487464
4.07,-0.192810835947257,-0.622245405794507,0.165571735758805
4.08,-0.191159198749724,-0.621908667145583,0.165841620122335
4.09,-0.18950719096622,-0.621564502642677,0.166111698041627
4.1,-0.187854829379318,-0.621212864562234,0.1663819689704
4.11,-0.186202131123279,-0.620853704653401,0.16665243235126
4.12,-0.184549113342851,-0.620486975236722,0.166923087613015
4.13,-0.182895793040595,-0.620112629838892,0.167193934165372
4.14,-0.181242186925357,-0.619730623703061,0.167464971397084
4.15,-0.179588310827992,-0.619340915623918,0.167736198668332
4.16,-0.177934179698642,-0.618943467989685,0.168007615309416
4.17,-0.176279807772065,-0.618538246325074,0.168279220621255
4.18,-0.174625208122803,-0.618125220598883,0.168551013869437
4.19,-0.172970392539799,-0.617704365592866,0.168822994281983
4.2,-0.171315371830927,-0.61727565996574,0.169095161053243
4.21,-0.169660155748876,-0.61683908643173,0.169367513342681
4.22,-0.168004752932234,-0.616394631812048,0.169640050275491
4.23,-0.166349171073969,-0.615942286473575,0.169912770945965
4.24,-0.164693416990367,-0.615482044234037,0.170185674416125
4.25,-0.163037496754844,-0.615013901715992,0.170458759721762
4.26,-0.161381415840384,-0.614537857778018,0.170732025877058
4.27,-0.159725179215985,-0.614053913225502,0.17100547187646
4.28,-0.158068791348964,-0.613562071002502,0.171279096691471
4.29,-0.15641225627639,-0.613062335784987,0.17155289927523
4.3,-0.154755577959447,-0.61255471267914,0.171826878573312
4.31,-0.153098760282974,-0.612039207229168,0.172101033523678
4.32,-0.151441806877492,-0.611515826185392,0.172375363050434
4.33,-0.14978472120052,-0.610984577204296,0.172649866066455
4.34,-0.148127506745791,-0.61044546800102,0.172924541481761
4.35,-0.146470167018841,-0.60989850644145,0.173199388203111
4.36,-0.144812705385657,-0.60934370117484,0.17347440512871
4.37,-0.14315512515307,-0.608781061308157,0.173749591151704
4.38,-0.141497429591764,-0.608210596202426,0.17402494516365
4.39,-0.139839621890119,-0.607632315637578,0.174300466053434
4.4,-0.138181705080206,-0.607046230245917,0.174576152702842
4.41,-0.136523682068149,-0.606452351252007,0.174852003990461
4.42,-0.134865555589065,-0.605850690477843,0.175128018793393
4.43,-0.133207328191128,-0.60524126039471,0.175404195986979
4.44,-0.131549002217244,-0.604624074441148,0.175680534440813
4.45,-0.129890579826009,-0.603999146875362,0.175957033020801
4.46,-0.128232062930636,-0.603366492666691,0.176233690592822
4.47,-0.126573453196002,-0.602726127496863,0.176510506022811
4.48,-0.124914752066639,-0.602078067845029,0.17678747817507
4.49,-0.123255960796977,-0.601422331007661,0.177064605911832
4.5,-0.121597080420469,-0.600758934900896,0.177341888096866
4.51,-0.119938112393274,-0.600087897811942,0.17761929846352
4.52,-0.118279065848963,-0.599409237944256,0.177896808500569
4.53,-0.11661996489528,-0.598722973000543,0.178174417061794
4.54,-0.114960848005242,-0.598029120035294,0.178452122985026
4.55,-0.113301766764292,-0.597327695340706,0.178729925105425
4.56,-0.111642783395757,-0.596618714750608,0.179007822258191
4.57,-0.109983968250992,-0.59590219376409,0.179285813285594
4.58,-0.108325396723193,-0.595178147570816,0.17956389704631
4.59,-0.106667147851248,-0.594446591352374,0.179842072413488
4.6,-0.105009300955532,-0.593707540355454,0.180120338281371
4.61,-0.103351932917505,-0.59296100999197,0.180398693567921
4.62,-0.10169511835336,-0.592207015966393,0.180677137211367
4.63,-0.100038926124858,-0.591445574318672,0.180955668171956
4.64,-0.098383418782263,-0.590676701468828,0.181234285430041
4.65,-0.0967286530094169,-0.589900414222532,0.181512987983757
4.66,-0.095074677739298,-0.589116729753824,0.181791774847251
4.67,-0.0934215351076563,-0.588325665586222,0.182070645049425
4.68,-0.0917692608145977,-0.587527239536061,0.182349597632652
4.69,-0.0901178841514062,-0.586721469632919,0.18262863165136
4.7,-0.0884674291065782,-0.585908374102904,0.18290774617213
4.71,-0.0868179150248683,-0.58508797129879,0.183186940273418
4.72,-0.0851693577980862,-0.58426027955924,0.183466213045521
4.73,-0.0835217705897062,-0.583425317212249,0.183745563590985
4.74,-0.0818751639703848,-0.582583102608041,0.184024991024522
4.75,-0.0802295478778815,-0.581733653926428,0.184304494474126
4.76,-0.0785849321810664,-0.580876989143722,0.184584073081466
4.77,-0.0769413261201645,-0.580013126155809,0.184863726001381
4.78,-0.0752987392380271,-0.579142082695785,0.185143452402539
4.79,-0.0736571825329084,-0.578263876206407,0.185423251468678
4.8,-0.0720166678462822,-0.577378523917527,0.185703122398154
4.81,-0.0703772074449485,-0.576486042962891,0.185983064403166
4.82,-0.0687388148045642,-0.575586450203093,0.186263076711418
4.83,-0.0671015044413581,-0.574679762202114,0.186543158566388
4.84,-0.0654652911782632,-0.573765995420872,0.186823309225796
4.85,-0.0638301902572948,-0.572845166167539,0.1871035279621
4.86,-0.0621962170374447,-0.571917290411743,0.187383814063906
4.87,-0.0605633867696722,-0.570982383801015,0.187664166835709
4.88,-0.0589317142517319,-0.570040461943554,0.187944585595665
4.89,-0.0573012138926275,-0.56909154027268,0.188225069676614
4.9,-0.0556718989980457,-0.568135633813372,0.188505618427213
4.91,-0.0540437817415483,-0.5671727571908,0.188786231211816
4.92,-0.0524168733643377,-0.566202924906962,0.189066907408426
4.93,-0.0507911841569353,-0.565226151306257,0.189347646408969
4.94,-0.0491667229991312,-0.564242450284058,0.18962844762061
4.95,-0.0475434973377295,-0.563251835278555,0.189909310465723
4.96,-0.0459215136048561,-0.562254319471119,0.190190234380701
4.97,-0.0443007772067902,-0.561249915874475,0.190471218815319
4.98,-0.0426812924722033,-0.5602386370416,0.19075226323426
4.99,-0.041063062723501,-0.559220495041594,0.191033367117236
5,-0.0394460905518681,-0.55819550156065,0.19131452995844
5.01,-0.037830377697134,-0.557163668195971,0.191595751264571
5.02,-0.0362159253044787,-0.556125006134557,0.191877030556752
5.03,-0.0346027341392713,-0.555079526059491,0.192158367371161
5.04,-0.0329908045942527,-0.55402723816037,0.19243976125896
5.05,-0.0313801366835944,-0.552968152440732,0.192721211784192
5.06,-0.0297707299554322,-0.551902278741854,0.193002718523495
5.07,-0.028162583855682,-0.550829626456912,0.193284281067904
5.08,-0.0265556977890297,-0.549750204525439,0.193565899022881
5.09,-0.024950071030751,-0.548664021503122,0.193847572007728
5.1,-0.0233457024984056,-0.547571085864372,0.194129299653374
5.11,-0.0217425910109184,-0.546471405759888,0.19441108160391
5.12,-0.0201407353198321,-0.545364988899879,0.19469291751715
5.13,-0.0185401340876697,-0.5442518425636,0.194974807064517
5.14,-0.0169407856952394,-0.543131973853081,0.195256749929132
5.15,-0.0153426883384941,-0.542005389711235,0.195538745805677
5.16,-0.0137458400344691,-0.540872096638147,0.195820794401839
5.17,-0.0121502386067637,-0.539732100675752,0.196102895438355
5.18,-0.0105558816353986,-0.538585407517239,0.196385048648145
5.19,-0.00896276643651956,-0.537432022831546,0.196667253774175
5.2,-0.00737089010517871,-0.536271951920814,0.196949510571317
5.21,-0.00578024949262807,-0.535105199608304,0.197231818806836
5.22,-0.00419084120623112,-0.533931770267052,0.1975141782602
5.23,-0.0026026616147784,-0.532751668160064,0.197796588720751
5.24,-0.001015706870301,-0.531564897223217,0.198079049988846
5.25,0.000570027081300718,-0.530371461035821,0.19836156187594
5.26,0.00215454340803302,-0.529171365266723,0.198644125222172
5.27,0.00373783275766998,-0.527964643449905,0.198926740550695
5.28,0.00531986269675896,-0.52675138102825,0.199209406816278
5.29,0.0069005780909618,-0.525531714155144,0.19949212245566
5.3,0.00847990460768863,-0.524305823603598,0.199774885473906
5.31,0.010057752166972,-0.523073926304388,0.200057693583371
5.32,0.0116340186971125,-0.521836268932945,0.200340544291564
5.33,0.0132085949657392,-0.520593115751508,0.200623435075505
5.34,0.0147813679187376,-0.519344741609379,0.200906363461293
5.35,0.016352224247423,-0.518091424157577,0.201189327100453
5.36,0.0179210543877583,-0.516833432757366,0.201472323875168
5.37,0.0194877536311596,-0.515571026528779,0.201755351887012
5.38,0.0210522252594184,-0.514304445262255,0.202038409508017
5.39,0.0226143807220646,-0.513033908405637,0.202321495360765
5.4,0.0241741410960717,-0.511759610527174,0.202604608314249
5.41,0.0257314364577342,-0.510481721804602,0.202887747458242
5.42,0.0272862060974659,-0.509200386960273,0.203170912077839
5.43,0.0288383974059664,-0.507915727010326,0.203454101629437
5.44,0.030387965119786,-0.506627841098199,0.203737315709856
5.45,0.0319348702957224,-0.5053368088345,0.204020554035221
5.46,0.0334790788763158,-0.504042693262887,0.204303816420744
5.47,0.0350205609490313,-0.502745544990862,0.204587102749093
5.48,0.0365592894810358,-0.501445403722598,0.204870412967765
5.49,0.038095239422477,-0.500142302313666,0.205153747065354
5.5,0.0396283870412815,-0.498836270893733,0.205437105049069
5.51,0.0411587093638577,-0.497527336523416,0.205720486950661
5.52,0.0426861837546977,-0.496215527129591,0.206003892805475
5.53,0.0442107876612322,-0.494900873281626,0.206287322644294
5.54,0.0457324986674007,-0.493583407521533,0.206570776497688
5.55,0.047251294429479,-0.492263166817728,0.206854254384204
5.56,0.048767152841667,-0.490940191758587,0.207137756314726
5.57,0.0502800522796807,-0.489614526329952,0.207421282293792
5.58,0.0517899718086651,-0.488286218013519,0.207704832319713
5.59,0.0532968913735148,-0.48695531656399,0.207988406389891
5.6,0.0548007920840855,-0.485621873236646,0.208272004504284
5.61,0.0563016564665876,-0.484285939723218,0.208555626670249
5.62,0.0577994684806386,-0.48294756738595,0.208839272904776
5.63,0.0592942136244535,-0.48160680647723,0.209122943237223
5.64,0.0607858791532746,-0.480263704254731,0.209406637715905
5.65,0.0622744539651132,-0.47891830502156,0.209690356406901
5.66,0.0637599284465271,-0.477570650101153,0.209974099393466
5.67,0.0652422945598576,-0.476220776002343,0.21025786678074
5.68,0.0667215457506464,-0.474868714539429,0.210541658694579
5.69,0.0681976766414394,-0.473514493627709,0.210825475278239
5.7,0.0696706830114915,-0.472158136328709,0.211109316693771
5.71,0.0711405617344189,-0.470799660975078,0.211393183120677
5.72,0.0726073105047168,-0.469439082020014,0.211677074753171
5.73,0.0740709277699914,-0.468076410013777,0.211960991798866
5.74,0.0755314127363459,-0.466711651908739,0.212244934476705
5.75,0.0769887652382421,-0.465344811723205,0.212528903014897
5.76,0.0784429855316119,-0.463975890468607,0.212812897651205
5.77,0.0798940744547318,-0.462604887185512,0.21309691862792
5.78,0.0813420334540569,-0.461231799192964,0.213380966190805
5.79,0.0827868645337404,-0.459856622475031,0.213665040587843
5.8,0.0842285699704646,-0.458479351092696,0.213949142071545
5.81,0.0856671526155552,-0.457099978220441,0.214233270894181
5.82,0.0871026160087991,-0.455718496731994,0.214517427305428
5.83,0.0885349643663646,-0.454334899163284,0.214801611552507
5.84,0.0899642023328722,-0.452949176990249,0.215085823882807
5.85,0.0913903350629259,-0.451561320933326,0.215370064542398
5.86,0.092813368380355,-0.450171321391803,0.215654333774045
5.87,0.09423330876384,-0.448779168392149,0.215938631817371
5.88,0.0956501632183364,-0.447384851222506,0.216222958910144
5.89,0.0970639392553908,-0.445988358432484,0.216507315288019
5.9,0.0984746449075226,-0.444589677865094,0.216791701184308
5.91,0.0998822886851585,-0.443188796522845,0.217076116830476
5.92,0.101286879512973,-0.44178570051029,0.21736056245632
5.93,0.102688426728501,-0.440380375117883,0.217645038289373
5.94,0.104086939977227,-0.438972804648057,0.217929544555744
5.95,0.105482429150124,-0.437562972320435,0.218214081480572
5.96,0.106874904379882,-0.436150860402971,0.218498649287443
5.97,0.108264376064567,-0.434736450326956,0.21878324819766
5.98,0.109650854710059,-0.433319722551813,0.219067878431232
5.99,0.111034350891929,-0.431900656566822,0.219352540206978
6,0.112414875314989,-0.430479231088698,0.219637233741508
6.01,0.113792436698849,-0.42905542520991,0.219921956197171
6.02,0.115167019573977,-0.427629230413124,0.220206704731792
6.03,0.116538563724511,-0.426200661961002,0.220491479397206
6.04,0.117906964572194,-0.424769758602181,0.220776280111108
6.05,0.119272079617337,-0.423336579658871,0.221061106694195
6.06,0.120633735036727,-0.421901201218337,0.221345958932843
6.07,0.121991731371249,-0.420463713736658,0.221630836604168
6.08,0.123345854724749,-0.419024215454192,0.221915739562774
6.09,0.124695881957742,-0.417582809885103,0.222200667751802
6.1,0.126041587632809,-0.416139602114299,0.222485621221967
6.11,0.127382753460954,-0.414694693196671,0.222770600156844
6.12,0.128719169662359,-0.413248179590834,0.223055604850487
6.13,0.130050642551027,-0.411800148643481,0.223340635697572
6.14,0.13137699536895,-0.410350678054908,0.22362569317258
6.15,0.132698071616776,-0.408899833846983,0.223910777800559
6.16,0.134013735030271,-0.40744767025916,0.224195890138677
6.17,0.135323869616696,-0.40599422961436,0.224481030752343
6.18,0.136628378896084,-0.404539542705037,0.224766200200349
6.19,0.137927183720011,-0.403083629911778,0.225051399027475
6.2,0.139220220326711,-0.401626502478042,0.225336627752407
6.21,0.140507438472989,-0.400168163366354,0.225621886872278
6.22,0.141788798047746,-0.398708609401629,0.225907176860928
6.23,0.143064266061533,-0.3972478332777,0.226192498169829
6.24,0.144333815654636,-0.395785823913172,0.226477851235013
6.25,0.145597423640288,-0.394322568088255,0.226763236479228
6.26,0.14685506652145,-0.392858053154946,0.227048654318558
6.27,0.148106721368208,-0.391392266365708,0.227334105162724
6.28,0.149352364261933,-0.38992519597018,0.2276195894183
6.29,0.150591968150533,-0.388456832720974,0.227905107493313
6.3,0.151825504024458,-0.386987169123107,0.228190659795496
6.31,0.153052939990451,-0.385516200148074,0.228476246734978
6.32,0.154274241287783,-0.384043923268721,0.228761868724991
6.33,0.155489371367494,-0.382570337813017,0.229047526179569
6.34,0.156698291981843,-0.381095444948769,0.229333219514463
6.35,0.15790096396994,-0.379619247162082,0.229618949145502
6.36,0.15909734779039,-0.378141748000135,0.229904715486801
6.37,0.16028740461127,-0.376662951276308,0.230190518948308
6.38,0.161471097050104,-0.375182860523647,0.23047635993394
6.39,0.162648389639774,-0.373701478720033,0.230762238838823
6.4,0.163819248689614,-0.372218808438639,0.231048156049654
6.41,0.164983643831564,-0.370734850585374,0.231334111938667
6.42,0.166141548326031,-0.369249604162457,0.231620106862157
6.43,0.167292938319097,-0.367763066869899,0.231906141161909
6.44,0.168437793200031,-0.36627523476444,0.232192215163325
6.45,0.169576096080738,-0.364786101801644,0.232478329172489
6.46,0.170707833386807,-0.363295660143015,0.23276448347729
6.47,0.171832994482756,-0.361803900454765,0.233050678348416
6.48,0.172951571586035,-0.360310811847665,0.233336914038704
6.49,0.174063559489835,-0.358816382042444,0.233623190783848
6.5,0.175168955069764,-0.357320597777858,0.233909508804181
6.51,0.17626775776675,-0.355823444536079,0.234195868302449
6.52,0.177359968328699,-0.354324907304153,0.23448226946838
6.53,0.178445588571481,-0.352824970727439,0.234768712479583
6.54,0.179524621331807,-0.351323619174161,0.235055197501708
6.55,0.18059707073166,-0.349820836742364,0.235341724687129
6.56,0.181662941998924,-0.348316607275855,0.235628294175695
6.57,0.182722240523814,-0.34681091500164,0.235914906098583
6.58,0.18377497181998,-0.345303744562702,0.236201560578451
6.59,0.184821142105522,-0.343795080674344,0.236488257727116
6.6,0.185860758458712,-0.34228490809547,0.236774997644847
6.61,0.186893828133743,-0.340773211986114,0.237061780423434
6.62,0.187920358565762,-0.339259977884359,0.237348606146242
6.63,0.188940357715122,-0.337745191499713,0.237635474886873
6.64,0.189953834294339,-0.336228838678645,0.237922386708127
6.65,0.190960797443598,-0.334710905446083,0.238209341663776
6.66,0.191961256761498,-0.333191377927909,0.238496339798605
6.67,0.19295522246139,-0.331670242291774,0.238783381147766
6.68,0.193942705542577,-0.330147484774664,0.239070465735913
6.69,0.194923717595387,-0.328623091593296,0.239357593578558
6.7,0.19589827081374,-0.327097048863959,0.239644764682241
6.71,0.196866378036015,-0.325569342648395,0.239931979044297
6.72,0.197828052853452,-0.324039959030584,0.240219236652189
6.73,0.198783309417015,-0.32250888400852,0.240506537484989
6.74,0.199732162383425,-0.320976103474044,0.240793881513796
6.75,0.200674626978886,-0.319441603304889,0.241081268701658
6.76,0.201610718996772,-0.317905369836577,0.241368708420894
6.77,0.202540454534809,-0.316367394744501,0.24165621101414
6.78,0.203463849797192,-0.314827679942814,0.241943776376204
6.79,0.204380921074319,-0.313286237551811,0.242231404374215
6.8,0.205291684836,-0.31174308859556,0.242519094843339
6.81,0.20619615755784,-0.310198261458601,0.242806847595379
6.82,0.20709435579488,-0.308651790225586,0.243094662424011
6.83,0.207986296320003,-0.307103713856678,0.243382539106554
6.84,0.208871995864972,-0.30555407258736,0.243670477419568
6.85,0.209751471145827,-0.304002906987919,0.24395847714117
6.86,0.210624739108467,-0.3024502578588,0.244246538047956
6.87,0.211491816713177,-0.300896163793461,0.244534659924239
6.88,0.212352720867598,-0.299340659095941,0.24482284256734
6.89,0.213207468569372,-0.297783775092501,0.245111085781855
6.9,0.214056076845709,-0.296225539154294,0.245399389381741
6.91,0.214898562657523,-0.294665973443486,0.245687753192995
6.92,0.215734942974497,-0.29310509602077,0.245976177050006
6.93,0.216565234740773,-0.29154292084153,0.246264660794994
6.94,0.217389454786395,-0.289979457694804,0.24655320427805
6.95,0.218207619896967,-0.288414713117272,0.246841807354574
6.96,0.219019746823179,-0.286848690735901,0.24713046988414
6.97,0.219825852144549,-0.285281392124106,0.247419191729341
6.98,0.220625952255436,-0.283712817475227,0.247707972754517
6.99,0.221420063591822,-0.282142965327296,0.247996812824774
7,0.222208202491986,-0.280571833413888,0.248285711805161
7.01,0.222990385021386,-0.278999420152892,0.248574669558884
7.02,0.22376662697883,-0.277425724639152,0.24886368594729
7.03,0.22453694412684,-0.275850746072828,0.24915276082969
7.04,0.225301352173694,-0.274274483959179,0.249441894063065
7.05,0.226059866549581,-0.272696939098906,0.249731085501835
7.06,0.22681250241826,-0.271118113545438,0.250020334997974
7.07,0.22755927483557,-0.269538009860589,0.250309642401503
7.08,0.228300198713483,-0.267956631376885,0.250599007560318
7.09,0.229035288651851,-0.266373982221775,0.250888430321622
7.1,0.229764558944294,-0.264790067104321,0.251177910532364
7.11,0.230488023801767,-0.263204890973209,0.251467448038338
7.12,0.231205697242639,-0.261618459080628,0.251757042684975
7.13,0.231917592898429,-0.260030776521995,0.2520466943198
7.14,0.232623724021047,-0.258441848186102,0.25233640279248
7.15,0.233324103730175,-0.256851678699317,0.25262616795315
7.16,0.234018745005802,-0.255260272553706,0.252915989652288
7.17,0.234707660413047,-0.253667633547182,0.25320586774379
7.18,0.235390862088846,-0.252073764719323,0.253495802085186
7.19,0.236068361887827,-0.250478668599937,0.253785792536168
7.2,0.236740171602701,-0.248882347418232,0.254075838956637
7.21,0.23740630264201,-0.24728480276072,0.254365941209669
7.22,0.238066765971662,-0.24568603555722,0.254656099161975
7.23,0.23872157215524,-0.244086046190353,0.254946312683451
7.24,0.239370731668958,-0.242484834859292,0.255236581644351
7.25,0.240014254730368,-0.240882401353977,0.255526905916892
7.26,0.240652151117842,-0.239278745216361,0.255817285376365
7.27,0.24128443017075,-0.237673865759718,0.256107719901112
7.28,0.241911100975607,-0.2360677622232,0.256398209371025
7.29,0.242532172543499,-0.234460433698253,0.256688753666375
7.3,0.243147653492034,-0.232851879280175,0.25697935266995
7.31,0.24375755200465,-0.231242098146053,0.257270006267258
7.32,0.244361875861815,-0.229631089546793,0.257560714346346
7.33,0.244960632764528,-0.228018852736657,0.25785147679569
7.34,0.24555383020625,-0.226405387037223,0.258142293504992
7.35,0.246141475255355,-0.224790691899432,0.258433164366756
7.36,0.246723574551854,-0.223174766904341,0.258724089276321
7.37,0.247300134433072,-0.221557611688388,0.259015068131144
7.38,0.247871161219726,-0.219939225942372,0.259306100828782
7.39,0.248436660891041,-0.218319609437524,0.25959718726921
7.4,0.248996639003531,-0.21669876197035,0.259888327355563
7.41,0.249551100702287,-0.215076683357088,0.260179520994071
7.42,0.250100050998685,-0.213453373423848,0.260470768092158
7.43,0.25064349478638,-0.21182883205762,0.260762068558221
7.44,0.251181436558666,-0.210203059102363,0.261053422303893
7.45,0.251713880395307,-0.208576054343224,0.261344829244183
7.46,0.252240830042633,-0.206947817527426,0.261636289296898
7.47,0.252762289239234,-0.20531834845183,0.261927802380211
7.48,0.253278261445773,-0.203687646888943,0.2622193684147
7.49,0.253788749724236,-0.202055712552348,0.262510987324328
7.5,0.254293756752587,-0.200422545101281,0.262802659036965
7.51,0.25479328731122,-0.198788144667987,0.263094416905167
7.52,0.255287369831573,-0.197152516059022,0.263386293691925
7.53,0.255776076898612,-0.195515672752613,0.263678288684355
7.54,0.256259523950878,-0.193877636647806,0.263970400791836
7.55,0.256737864512485,-0.192238437141775,0.264262628606493
7.56,0.257211283329844,-0.19059810975532,0.264554970484427
7.57,0.257679988314061,-0.188956694600991,0.264847424650957
7.58,0.258144204841461,-0.187314235224293,0.265139989255808
7.59,0.258604164887181,-0.185670776536888,0.265432662492437
7.6,0.259060103146572,-0.184026364039963,0.265725442624329
7.61,0.259512248535394,-0.182381042196582,0.266018328050491
7.62,0.259960818899137,-0.180734853416921,0.266311317335776
7.63,0.260406018230824,-0.179087837525162,0.26660440921179
7.64,0.260848031380645,-0.177440030752279,0.26689760259437
7.65,0.261287024245273,-0.175791465781574,0.267190896565017
7.66,0.261723140974891,-0.174142171215726,0.267484290365269
7.67,0.262156505680058,-0.172492171916578,0.267777783376228
7.68,0.262587222385288,-0.170841488993148,0.268071375100423
7.69,0.263015377021965,-0.169190140191917,0.268365065145841
7.7,0.263441039718745,-0.167538140334418,0.268658853205684
7.71,0.263864267627988,-0.165885501841955,0.268952739038109
7.72,0.264285105536193,-0.16423223488123,0.269246722465625
7.73,0.264703590636731,-0.162578348245956,0.269540803347738
7.74,0.26511975552374,-0.160923849906704,0.269834981564957
7.75,0.265533628647573,-0.15926874711915,0.270129257020733
7.76,0.265945235780285,-0.157613046699186,0.270423629634117
7.77,0.266354604316173,-0.15595675580823,0.270718099320096
7.78,0.266761762748996,-0.154299881862517,0.27101266599287
7.79,0.267166740790229,-0.15264243255448,0.271307329565524
7.8,0.267569571634401,-0.150984416265314,0.271602089941576
7.81,0.267970290902571,-0.149325841869303,0.27189694701941
7.82,0.268368936595011,-0.147666718720281,0.272191900693007
7.83,0.26876554925854,-0.14600705667828,0.272486950852959
7.84,0.269160170888615,-0.144346865905501,0.272782097389916
7.85,0.269552844423507,-0.142686156768805,0.273077340197069
7.86,0.269943612870375,-0.1410249396755,0.273372679175167
7.87,0.270332518592754,-0.139363224941875,0.273668114233693
7.88,0.270719603100513,-0.137701022753307,0.273963645290781
7.89,0.271104905354987,-0.136038342850953,0.274259272280125
7.9,0.271488461442754,-0.134375194471643,0.274554995151481
7.91,0.271870305056154,-0.132711586438001,0.274850813866751
7.92,0.272250466388123,-0.131047526956048,0.275146728403673
7.93,0.272628971384956,-0.129383023477219,0.275442738757788
7.94,0.273005842551477,-0.127718082847906,0.275738844938469
7.95,0.273381098948241,-0.126052711312453,0.276035046967774
7.96,0.273754755705832,-0.124386914420642,0.276331344881866
7.97,0.274126824454974,-0.122720697106454,0.276627738729207
7.98,0.274497313816264,-0.121054063784414,0.276924228567491
7.99,0.274866229511505,-0.119387018363351,0.27722081446362
8,0.275233574650215,-0.117719564294722,0.277517496493107
8.01,0.275599350256069,-0.11605170467119,0.277814274737664
8.02,0.275963554991662,-0.114383442186891,0.2781111492841
8.03,0.276326186181357,-0.112714779304347,0.278408120223297
8.04,0.276687240022927,-0.111045718289915,0.278705187649905
8.05,0.277046711713131,-0.109376261236396,0.279002351661801
8.06,0.277404595238499,-0.107706410038957,0.279299612357784
8.07,0.277760883462095,-0.106036166403107,0.279596969838024
8.08,0.278115568998273,-0.104365531985409,0.279894424203681
8.09,0.278468644239067,-0.102694508397859,0.280191975556873
8.1,0.278820101163149,-0.10102309717624,0.280489624000722
8.11,0.279169930625374,-0.0993512996660401,0.280787369638066
8.12,0.279518123119664,-0.097679117144399,0.281085212571194
8.13,0.279864668677725,-0.0960065507962719,0.281383152903507
8.14,0.280209556838855,-0.0943336017092039,0.281681190739593
8.15,0.280552776383339,-0.0926602708299489,0.281979326184898
8.16,0.280894315488037,-0.0909865589953092,0.282277559342882
8.17,0.281234161666997,-0.0893124669138635,0.282575890317684
8.18,0.281572301577772,-0.0876379951309184,0.282874319215298
8.19,0.28190872102053,-0.085963144028492,0.283172846143548
8.2,0.282243405053958,-0.0842879138494145,0.283471471209891
8.21,0.282576338162443,-0.0826123047258871,0.283770194519679
8.22,0.282907503995752,-0.0809363166306435,0.284069016179575
8.23,0.283236885328888,-0.0792599493700265,0.284367936297945
8.24,0.283564464115365,-0.0775832025935211,0.284666954984347
8.25,0.283890221877147,-0.0759060758631514,0.284966072347566
8.26,0.28421414061811,-0.0742285691849911,0.285265342988402
8.27,0.284536213837269,-0.0725506889041597,0.285564821361243
8.28,0.284856456568466,-0.0708724530690438,0.285864507426931
8.29,0.285174906045011,-0.0691938917378513,0.286164401046232
8.3,0.285491617889182,-0.0675150449054475,0.286464501994502
8.31,0.285806663130016,-0.0658359608922632,0.286764809988639
8.32,0.286120125049887,-0.064156694635523,0.287065324706021
8.33,0.286432095345799,-0.0624773056143006,0.287366045808027
8.34,0.286742668570973,-0.060797854871494,0.287666972976874
8.35,0.287051941200838,-0.0591184044928177,0.287968105912059
8.36,0.287360007163405,-0.0574390152104999,0.288269444351358
8.37,0.287666953554661,-0.0557597441098411,0.288570988086933
8.38,0.287972861640596,-0.0540806451518618,0.288872736952227
8.39,0.28827780297939,-0.0524017671007392,0.289174690831355
8.4,0.288581838997344,-0.0507231532923252,0.289476849654772
8.41,0.28888502128578,-0.0490448417878403,0.289779213391872
8.42,0.289187390455406,-0.0473668647609546,0.290081782048964
8.43,0.28948897766727,-0.0456892493081842,0.290384555661533
8.44,0.289789805060233,-0.0440120176749972,0.290687534289146
8.45,0.290089886834861,-0.0423351878316525,0.290990718011157
8.46,0.290389230246932,-0.0406587739912003,0.291294106921694
8.47,0.290687837568462,-0.0389827876563877,0.291597701124784
8.48,0.290985707266898,-0.0373072382468,0.291901500731844
8.49,0.291282834593675,-0.0356321333939223,0.292205505858115
8.5,0.291579213244051,-0.0339574798262985,0.292509716619736
8.51,0.291874837104895,-0.0322832843003449,0.292814133131307
8.52,0.292169699682929,-0.0306095532789285,0.293118755504934
8.53,0.292463795137052,-0.0289362934764503,0.293423583848353
8.54,0.292757119715174,-0.0272635126259669,0.293728618264049
8.55,0.293049670889655,-0.0255912190044106,0.294033858849303
8.56,0.293341447476876,-0.0239194214876705,0.294339305695457
8.57,0.293632450295897,-0.022248129905929,0.294644958889398
8.58,0.293922681494247,-0.0205773546746754,0.294950818513858
8.59,0.294212144214739,-0.0189071066017205,0.295256884645963
8.6,0.294500842400062,-0.017237396794191,0.295563157361229
8.61,0.294788780437526,-0.0155682364697037,0.295869636734696
8.62,0.295075962749054,-0.0138996367112984,0.296176322837908
8.63,0.295362393680127,-0.0122316084107633,0.296483215740031
8.64,0.29564807652924,-0.010564161771342,0.29679031551279
8.65,0.295933013475474,-0.00889730626659775,0.297097622230276
8.66,0.296217205812984,-0.00723105072901464,0.297405135963863
8.67,0.29650065377295,-0.00556540326436192,0.297712856783592
8.68,0.296783355718847,-0.00390037084769981,0.298020784762555
8.69,0.29706530818033,-0.00223595933936899,0.298328919976645
8.7,0.297346506604727,-0.000572173849908343,0.298637262499198
8.71,0.2976269450565,0.00109098141182788,0.298945812401866
8.72,0.297906616087747,0.002753503184328,0.299254569758001
8.73,0.298185510900878,0.00441538906868424,0.299563534642302
8.74,0.298463619791041,0.00607663732783451,0.299872707125911
8.75,0.298740932041686,0.00773724693507735,0.300182087277181
8.76,0.299017436263769,0.00939721736413642,0.30049167516497
8.77,0.299293120455724,0.0110565485557193,0.300801470858736
8.78,0.299567972331912,0.0127152407682949,0.301111474425394
8.79,0.299841978885721,0.0143732948611501,0.301421685924557
8.8,0.300115127060372,0.0160307118681522,0.301732105414898
8.81,0.300387403927123,0.0176874928915368,0.302042732955096
8.82,0.300658796685098,0.0193436391020338,0.302353568603841
8.83,0.300929292514073,0.0209991518516918,0.302664612417032
8.84,0.301198878362778,0.0226540328511036,0.302975864441738
8.85,0.301467541349641,0.0243082838740611,0.303287324723326
8.86,0.301735268837327,0.0259619067001657,0.303598993307214
8.87,0.302002048432743,0.0276149031148289,0.303910870238868
8.88,0.30226786779271,0.0292672750215493,0.304222955563198
8.89,0.302532714394957,0.0309190246577574,0.304535249316587
8.9,0.302796575927443,0.0325701543351685,0.304847751530871
8.91,0.303059440059833,0.0342206665000207,0.305160462238749
8.92,0.303321294437371,0.0358705637358778,0.305473381473825
8.93,0.303582126676065,0.0375198487658839,0.305786509270632
8.94,0.30384192421369,0.0391685245706732,0.306099845661501
8.95,0.304100674650357,0.0408165943161796,0.306413390667667
8.96,0.304358365574464,0.0424640613163692,0.306727144309338
8.97,0.304614984420279,0.0441109290753207,0.307041106608338
8.98,0.304870518467939,0.0457572012872286,0.307355277588105
8.99,0.305124954844539,0.0474028818362236,0.307669657273662
9,0.30537828080173,0.0490479747465209,0.307984245923569
9.01,0.30563048453745,0.0506924834423745,0.308299162546207
9.02,0.305881561535877,0.0523364028476911,0.308614510357525
9.03,0.306131520400714,0.0539797124974997,0.30893028910325
9.04,0.306380382527524,0.055622377139982,0.309246498701188
9.05,0.306628180464474,0.0572643486680144,0.309563139036595
9.06,0.306874956078396,0.0589055682751313,0.309880209974759
9.07,0.307120758869457,0.0605459684583499,0.31019771136315
9.08,0.307365642556437,0.0621854770084746,0.310515643057606
9.09,0.307609663229303,0.0638240191832218,0.310834004927297
9.1,0.307852879043494,0.0654615180943795,0.31115279684846
9.11,0.308095345736896,0.0670978999351077,0.311472018724961
9.12,0.3083371154245,0.0687330953927905,0.311791670489573
9.13,0.308578237493141,0.0703670386289555,0.312111752089812
9.14,0.308818755743218,0.0719996706028958,0.312432263496121
9.15,0.309058708012464,0.0736309395123232,0.312753204698424
9.16,0.309298126955061,0.0752607998946281,0.313074575698529
9.17,0.309537038990149,0.0768892138356497,0.313396376510482
9.18,0.309775465070135,0.078516150078099,0.313718607156593
9.19,0.310013421297444,0.0801415833073402,0.314041267662823
9.2,0.310250919317564,0.0817654936618917,0.314364358060322
9.21,0.310487967222714,0.083387865687513,0.314687878382747
9.22,0.310724569731981,0.0850086881589035,0.315011828660641
9.23,0.310960729910338,0.0866279520117278,0.315336208926565
9.24,0.311196449621854,0.0882456498048748,0.315661019215812
9.25,0.31143172982814,0.0898617754235975,0.31598625956032
9.26,0.311666570667672,0.0914763239852207,0.316311929987319
9.27,0.311900973297403,0.093089289629069,0.316638030526044
9.28,0.312134939975355,0.0947006654243355,0.316964561207448
9.29,0.312368473144629,0.0963104444990415,0.317291522057183
9.3,0.312601576277238,0.0979186190188799,0.317618913098816
9.31,0.312834254320684,0.0995251796385239,0.317946734358396
9.32,0.313066513147164,0.101130116171024,0.318274985861004
9.33,0.313298359383919,0.102733417806638,0.318603667626963
9.34,0.313529800498821,0.104335072965536,0.318932779679133
9.35,0.313760844565557,0.105935069567413,0.31926232204368
9.36,0.313991499914748,0.107533395497728,0.319592294741666
9.37,0.314221775112957,0.109130038611727,0.319922697791199
9.38,0.314451678416874,0.110724987314144,0.320253531214754
9.39,0.314681217693698,0.112318230650243,0.320584795039262
9.4,0.314910400275009,0.11390975853942,0.320916489287816
9.41,0.315139233400057,0.11549956130082,0.321248613974584
9.42,0.315367723314188,0.117087630585456,0.321581169116922
9.43,0.315595875138487,0.118673959517145,0.321914154736416
9.44,0.315823692955238,0.120258542602872,0.32224757085785
9.45,0.316051180502396,0.121841375034474,0.32258141749662
9.46,0.316278340721011,0.123422453156448,0.322915694663314
9.47,0.316505175673791,0.125001774490201,0.323250402371589
9.48,0.316731686600204,0.126579337670055,0.323585540638197
9.49,0.316957874278421,0.128155142057858,0.323921109478379
9.5,0.317183738918676,0.129729187951839,0.324257108895739
9.51,0.317409280321863,0.131301476275083,0.324593538895137
9.52,0.317634497995623,0.13287200841445,0.324930399485325
9.53,0.317859391184649,0.134440786183032,0.325267690679099
9.54,0.318083959087871,0.136007811638572,0.325605412485521
9.55,0.318308200465987,0.137573087653861,0.325943564898336
9.56,0.318532114097604,0.139136617192759,0.326282147913862
9.57,0.318755698895216,0.140698403147565,0.326621161533512
9.58,0.318978953905202,0.142258448339014,0.32696060576379
9.59,0.319201878219141,0.143816755659356,0.327300480612721
9.6,0.31942447069403,0.145373328571343,0.327640786072499
9.61,0.319646730284088,0.146928170552853,0.327981522133991
9.62,0.319868656022997,0.148481285068122,0.328322688792472
9.63,0.320090247016628,0.150032675578092,0.328664286047493
9.64,0.320311502345809,0.15158234567299,0.329006313900562
9.65,0.320532421015419,0.153130299273268,0.329348772339923
9.66,0.320753002048969,0.154676540405991,0.329691661351272
9.67,0.320973244395645,0.156221073235966,0.330034980925083
9.68,0.321193146929925,0.157763902066099,0.330378731056617
9.69,0.321412708422633,0.159305031360345,0.330722911746385
9.7,0.321631927553299,0.160844465895783,0.331067522984138
9.71,0.321850803034881,0.162382210670153,0.33141256474494
9.72,0.322069333454099,0.16391827084218,0.331758037009086
9.73,0.322287517261243,0.165452651732719,0.332103939762922
9.74,0.322505352770176,0.166985358824763,0.332450272998843
9.75,0.322722838166021,0.168516397765256,0.332797036730072
9.76,0.322939972301453,0.170045773513855,0.333144465807387
9.77,0.323156760017624,0.171573476337194,0.333492785871032
9.78,0.323373217189893,0.17309946873672,0.333841996857396
9.79,0.323589370409469,0.174623686931136,0.334192098686196
9.8,0.323805255838287,0.176146043674337,0.33454309126647
9.81,0.324020917593682,0.177666432248307,0.334894974499758
9.82,0.324236405542381,0.179184731879846,0.335247748309943
9.83,0.324451773813427,0.180700811409013,0.335601412646784
9.84,0.324667078862219,0.182214534053828,0.335955967493727
9.85,0.324882376990415,0.183725763495064,0.336311412883089
9.86,0.325097723978679,0.185234364797134,0.33666774888236
9.87,0.325313172572968,0.186740210569071,0.337024975597979
9.88,0.325528771922233,0.188243182350496,0.337383093166554
9.89,0.325744567063808,0.18974317187815,0.337742101742851
9.9,0.325960597734705,0.191240083991158,0.338102001493744
9.91,0.326176898913991,0.192733835311147,0.338462792587566
9.92,0.326393500301876,0.194224355502502,0.33882447518812
9.93,0.326610426788831,0.195711586126664,0.339187049449671
9.94,0.326827698919173,0.197195479503011,0.339550515512291
9.95,0.327045333334764,0.198675997594623,0.339914873505591
9.96,0.327263343301872,0.200153110744751,0.340280123542115
9.97,0.32748173944213,0.201626795867904,0.3406462657205
9.98,0.327700530671852,0.20309703410728,0.34101330013684
9.99,0.327919724527811,0.204563810068714,0.341381226879549
10,0.328139327255677,0.206027111626332,0.341750046022255
10.01,0.328359345288478,0.207486926234595,0.342119757644565
10.02,0.328579785414189,0.208943240522234,0.34249036183246
10.03,0.328800654317572,0.210396041469099,0.342861858663358
10.04,0.329021959433088,0.211845314269804,0.343234248219946
10.05,0.329243709161889,0.213291041792733,0.343607530595378
10.06,0.329465912434557,0.214733205688419,0.343981705880422
10.07,0.329688578956991,0.216171785761837,0.344356774171586
10.08,0.329911719184009,0.217606760022526,0.344732735576373
10.09,0.330135343965568,0.219038105593063,0.345109590199297
10.1,0.330359464476851,0.220465798859519,0.345487338146745
10.11,0.330584092011934,0.221889815944744,0.345865979535295
10.12,0.330809237687998,0.223310133451163,0.346245514484312
10.13,0.331034912726908,0.224726727868683,0.346625943095976
10.14,0.331261127774378,0.226139577124924,0.347007265475314
10.15,0.331487892731028,0.227548660974768,0.347389481734058
10.16,0.331715216751262,0.228953961013902,0.347772591988564
10.17,0.331943108375742,0.230355460477618,0.348156596335029
10.18,0.332171575464406,0.231753144345928,0.348541494857814
10.19,0.332400624866977,0.23314700007732,0.348927287642836
10.2,0.332630262417164,0.234537017625821,0.349313974777135
10.21,0.332860493267331,0.235923188685636,0.349701556336977
10.22,0.333091321839457,0.237305506829596,0.350090032380566
10.23,0.333322751795313,0.238683967495609,0.350479402966484
10.24,0.33355478609836,0.240058567828378,0.350869668155748
10.25,0.333787427211864,0.24142930623906,0.351260828003025
10.26,0.334020676989012,0.242796182744272,0.351652882539626
10.27,0.334254536925831,0.244159198227538,0.352045831799075
10.28,0.334489008242217,0.24551835422176,0.352439675821519
10.29,0.334724091907698,0.246873652860851,0.352834414651316
10.3,0.334959788591329,0.248225097126434,0.353230048311564
10.31,0.33519609869922,0.24957269068651,0.353626576815482
10.32,0.335433022618879,0.250916437218188,0.354024000184738
10.33,0.335670560728072,0.252256340385341,0.354422318449727
10.34,0.335908713268005,0.25359240421238,0.354821531636823
10.35,0.336147480272229,0.254924633326999,0.355221639751188
10.36,0.336386861748204,0.256253032396316,0.355622642802057
10.37,0.336626857672151,0.257577606126755,0.356024540806401
10.38,0.336867467939447,0.258898359401847,0.356427333785211
10.39,0.337108692267401,0.260215297627007,0.356831021739281
10.4,0.337350530276017,0.261528426452571,0.357235604664961
10.41,0.337592981464974,0.262837751771819,0.357641082566383
10.42,0.337836045209733,0.264143279729305,0.35804745545563
10.43,0.338079720702384,0.265445016931131,0.358454723339144
10.44,0.338324006983534,0.266742970474296,0.358862886196444
10.45,0.338568902934121,0.268037147798638,0.35927194401106
10.46,0.338814407262513,0.269327556691232,0.359681896775452
10.47,0.339060518504583,0.270614205286716,0.360092744490919
10.48,0.339307235037971,0.271897102151173,0.36050448714676
10.49,0.33955455508962,0.273176256276436,0.360917124715185
10.5,0.339802476743234,0.274451676934617,0.36133065722914
10.51,0.340050998369197,0.275723372994103,0.361745566853927
10.52,0.340300126566283,0.276991323955125,0.362162322013732
10.53,0.340549883502217,0.278255453158311,0.362580922578842
10.54,0.340800306397213,0.279515630397055,0.363001368465412
10.55,0.341051445433387,0.280771679354413,0.363423659589451
10.56,0.341303361534626,0.282023385491194,0.363847795925124
10.57,0.341556124392349,0.283270503071443,0.364273777515228
10.58,0.341809808551164,0.284512769054253,0.364701604561084
10.59,0.342064491948998,0.285749908291489,0.365131277400718
10.6,0.342320253149785,0.286981643355544,0.365562796519816
10.61,0.34257716827917,0.288207705412577,0.365996162559561
10.62,0.342835310569226,0.289427835850828,0.366431376270241
10.63,0.343094747653048,0.290641795877512,0.366868438485716
10.64,0.343355541302675,0.291849367455123,0.367307350086358
10.65,0.343617746197619,0.293050357669199,0.367748111956253
10.66,0.34388141001077,0.294244598427757,0.368190724955997
10.67,0.344146573244122,0.295431947041679,0.368635189892875
10.68,0.344413269615353,0.296612284856003,0.369081507506672
10.69,0.344681526704319,0.29778551495663,0.36952967846032
10.7,0.344951366662265,0.298951559648903,0.369979703343828
10.71,0.345222806809702,0.300110358352417,0.370431582666594
10.72,0.345495861039902,0.301261862604958,0.370885316885222
10.73,0.345770540564828,0.302406033419042,0.371340906415264
10.74,0.346046854139793,0.303542840508908,0.371798351616865
10.75,0.34632480978318,0.304672256166222,0.372257652841976
10.76,0.346604415299546,0.305794253406337,0.372718810445316
10.77,0.346885678078644,0.306908806706759,0.373181824762808
10.78,0.347168606302113,0.308015887707489,0.373646696150882
10.79,0.347453208989071,0.309115465057253,0.37411342498453
10.8,0.347739495948409,0.31020750459195,0.374582011648929
10.81,0.348027478209589,0.311291967795877,0.375052456563933
10.82,0.348317167653536,0.312368813126802,0.375524760163162
10.83,0.348608576985438,0.313437996108888,0.375998922900302
10.84,0.348901719600398,0.314499469802753,0.376474945257675
10.85,0.349196609273526,0.315553185928659,0.376952827717734
10.86,0.349493259888735,0.316599095814582,0.377432570773002
10.87,0.349791685153782,0.317637151397079,0.377914174931618
10.88,0.350091898445591,0.31866730580096,0.378397640687689
10.89,0.350393912607899,0.319689514051637,0.378882968520548
10.9,0.350697739457914,0.320703734799498,0.379370158905775
10.91,0.351003389807162,0.321709930261312,0.379859212304043
10.92,0.351310873583863,0.322708065819168,0.380350129136045
10.93,0.351620199430941,0.323698111408461,0.380842909800903
10.94,0.351931374617387,0.324680041825586,0.381337554679772
10.95,0.352244405323459,0.325653835751357,0.381834064116225
10.96,0.352559296577505,0.326619475971459,0.382332438413577
10.97,0.352876052235995,0.32757694941716,0.382832677857897
10.98,0.353194675142876,0.328526246604747,0.383334782718327
10.99,0.353515167168876,0.329467361551752,0.383838753208238
11,0.353837529375063,0.330400291152633,0.384344589517795
11.01,0.35416176218419,0.331325034544268,0.384852291835777
11.02,0.354487865445272,0.332241592885493,0.385361860346757
11.03,0.354815838443475,0.333149969394974,0.385873295186188
11.04,0.35514567993428,0.334050169193048,0.386386596460166
11.05,0.355477388531109,0.334942197881923,0.386901764285615
11.06,0.35581096271407,0.335826061516072,0.38741879879002
11.07,0.356146400638118,0.336701767342261,0.387937700072106
11.08,0.356483700188034,0.33756932360266,0.388458468198385
11.09,0.356822859217441,0.338428738636723,0.388981103245155
11.1,0.357163875529292,0.339280020955432,0.389505605296685
11.11,0.357506746708742,0.340123179878125,0.390031974409466
11.12,0.35785147020311,0.340958225234019,0.39056021062214
11.13,0.358198043377411,0.341785167132131,0.391090313982508
11.14,0.358546463472756,0.342604016115677,0.391622284542351
11.15,0.358896727493609,0.343414783617267,0.392156122315836
11.16,0.359248832272302,0.344217481693857,0.392691827303925
11.17,0.35960277446215,0.345012123019572,0.393229399516395
11.18,0.359958550524032,0.345798720936537,0.393768838969623
11.19,0.360316156653747,0.346577289782691,0.394310145640935
11.2,0.36067558881849,0.347347844744748,0.394853319478171
11.21,0.361036842773375,0.348110401736281,0.395398360438804
11.22,0.36139991406069,0.348864977398782,0.3959452684909
11.23,0.361764797995682,0.349611589202233,0.396494043584649
11.24,0.362131489671751,0.35035025545416,0.397044685634912
11.25,0.362499984000561,0.351080995091627,0.397597194566201
11.26,0.3628702751153,0.35180383937517,0.398152602060379
11.27,0.36324237232763,0.352518859581076,0.398711924637876
11.28,0.363616315053737,0.35322619268498,0.399275160601969
11.29,0.363992170426465,0.353926048117264,0.399842307376425
11.3,0.364370029571253,0.354618698038058,0.400413361655668
11.31,0.364750003602074,0.355304466829543,0.400988319625054
11.32,0.365132219536662,0.355983720503296,0.401567177118707
11.33,0.365516813599598,0.356656849108612,0.402149929982626
11.34,0.365903928545593,0.357324259896147,0.402736574099195
11.35,0.366293707532249,0.35798636128204,0.403327105624403
11.36,0.36668629031307,0.358643552930678,0.403921521083703
11.37,0.367081810521332,0.359296218713299,0.404519817383565
11.38,0.367480391982655,0.359944717065647,0.405121991871592
11.39,0.367882147462236,0.360589377739173,0.405728042295084
11.4,0.368287176857467,0.361230497063782,0.406337966785558
11.41,0.368695567118578,0.361868337737715,0.406951763799936
11.42,0.369107391930127,0.362503127956191,0.40756943208213
11.43,0.369522712687062,0.363135063949592,0.408190970604586
11.44,0.369941579306723,0.363764312020021,0.408816378532982
11.45,0.370364031583627,0.364391012108962,0.409445655177535
11.46,0.370790101110455,0.3650152826525,0.410078799968163
11.47,0.37121981242997,0.365637223635261,0.410715812422109
11.48,0.371653184928498,0.366256921454568,0.411356692117435
11.49,0.372090234988822,0.366874454394255,0.412001438686643
11.5,0.372530976197226,0.367489893285336,0.412650051784656
11.51,0.372975421710699,0.368103307494302,0.413302531087806
11.52,0.373423585081111,0.36871476704651,0.413958876288188
11.53,0.373875480305632,0.36932434281752,0.414619087071891
11.54,0.374331123361249,0.369932110360619,0.415283163136856
11.55,0.374790531755989,0.370538148821081,0.415951104174165
11.56,0.37525372493853,0.371142541915072,0.416622909878923
11.57,0.375720724269302,0.371745377810634,0.41729857996107
11.58,0.376191552483638,0.372346747821493,0.417978114121972
11.59,0.37666623356764,0.372946745903402,0.418661512097011
11.6,0.377144792220941,0.373545467328404,0.4193487736426
11.61,0.377627253520218,0.374143007933696,0.420039898505765
11.62,0.378113642112495,0.374739461729932,0.420734886489143
11.63,0.378603981890098,0.375334920084071,0.421433737447428
11.64,0.379098295842472,0.375929471657027,0.422136451218794
11.65,0.379596605445503,0.376523200542724,0.422843027674146
11.66,0.380098929998023,0.377116184394139,0.423553466749132
11.67,0.380605286903576,0.377708495385835,0.424267768397605
11.68,0.381115691596797,0.378300200080317,0.424985932568891
11.69,0.381630157059028,0.37889135791517,0.425707959260517
11.7,0.382148694031414,0.379482021861298,0.426433848495375
11.71,0.382671311170961,0.380072238952691,0.427163600285664
11.72,0.3831980150372,0.380662050031181,0.427897214679414
11.73,0.383728810305128,0.381251490331732,0.428634691753737
11.74,0.384263699864113,0.381840589988598,0.429376031556609
11.75,0.384802685164081,0.382429374668413,0.430121234158092
11.76,0.385345766480324,0.383017866134436,0.430870299673988
11.77,0.385892943059624,0.383606082838621,0.43162322822391
11.78,0.386444212606089,0.384194039080169,0.432380019849888
11.79,0.386999572413378,0.384781747205801,0.433140674631601
11.8,0.387559019527621,0.385369217938444,0.43390519270073
11.81,0.388122550712351,0.385956460346131,0.434673574233407
11.82,0.388690161936273,0.386543481281818,0.435445819338442
11.83,0.389261848697839,0.387130285864649,0.43622192809428
11.84,0.389837606497294,0.387716878318594,0.437001900622609
11.85,0.390417430819019,0.388303261963363,0.43778573708592
11.86,0.391001316737889,0.388889438549715,0.438573437626294
11.87,0.391589258949086,0.389475408448471,0.439365002335997
11.88,0.3921812520186,0.390061170862767,0.440160431341463
11.89,0.392777290369099,0.39064672375876,0.44095972481096
11.9,0.393377368046996,0.391232063490871,0.441762882916124
11.91,0.393981478623694,0.391817185037241,0.442569905743361
11.92,0.394589615357307,0.392402081790468,0.443380793401754
11.93,0.395201771182032,0.39298674539823,0.444195546046459
11.94,0.395817938692779,0.393571165758311,0.445014163874475
11.95,0.396438109944848,0.394155331141978,0.445836647027044
11.96,0.397062276529625,0.394739228326453,0.446662995586383
11.97,0.397690429684365,0.395322842330366,0.447493209674077
11.98,0.398322560288004,0.395906156386975,0.448327289455689
11.99,0.398958658835781,0.396489152104665,0.449165235104885
12,0.399598715412866,0.397071809869559,0.450007046727549
12.01,0.400242720724811,0.397654112093497,0.450852423952103
12.02,0.400890661644975,0.398236083355876,0.451701060147985
12.03,0.401542516809947,0.398817829530158,0.452552954613421
12.04,0.402198258113058,0.399399535034414,0.453408106073211
12.05,0.402857851529966,0.399981453441824,0.454266512829403
12.06,0.403521258060505,0.400563896256378,0.455128172893731
12.07,0.404188435073637,0.401147217316565,0.455993084223714
12.08,0.404859337229151,0.401731801602187,0.456861244817211
12.09,0.405533917996822,0.402318047435704,0.457732652911736
12.1,0.406212130397227,0.402906357488195,0.458607307022554
12.11,0.406893928356857,0.403497122806878,0.459485206035443
12.12,0.407579267224159,0.404090716552372,0.460366349187946
12.13,0.408268104691163,0.404687483142228,0.461250736064724
12.14,0.408960401069075,0.405287734915747,0.462138366545592
12.15,0.40965611977927,0.405891746437292,0.463029240755476
12.16,0.410355227329434,0.406499754753963,0.463923359003938
12.17,0.411057693437591,0.40711195815299,0.464820721732548
12.18,0.411763490790081,0.407728519012838,0.465721329468025
12.19,0.412472594851789,0.408349566420643,0.466625182788067
12.2,0.413184983557753,0.408975199768947,0.467532282292836
12.21,0.413900636896405,0.409605494085256,0.468442628589164
12.22,0.414619536534826,0.410240504766941,0.469356222287703
12.23,0.415341665517179,0.41088027099392,0.470273063981923
12.24,0.416067007710549,0.411524823036089,0.471193154267868
12.25,0.416795547654477,0.412174183847639,0.472116493728761
12.26,0.417527270191446,0.412828373806648,0.473043082940809
12.27,0.4182621601681,0.41348741462231,0.473972922486763
12.28,0.419000202422693,0.414151329271493,0.474906012936179
12.29,0.41974138149478,0.414820146058808,0.475842354872238
12.3,0.420485681682463,0.415493897712488,0.476781948874392
12.31,0.421233086981363,0.416172622453154,0.477724795530449
12.32,0.421983581109965,0.416856363837319,0.478670895442683
12.33,0.422737147602092,0.417545169431644,0.479620249208055
12.34,0.423493769900975,0.418239090329881,0.480572857450085
12.35,0.424253431444229,0.418938179737445,0.481528720794503
12.36,0.425016115763697,0.419642491748598,0.482487839859773
12.37,0.425781806725316,0.420352079314162,0.483450215293528
12.38,0.426550488549454,0.421066993440216,0.484415847743685
12.39,0.427322145849327,0.421787282451908,0.48538473783509
12.4,0.428096763907301,0.422512989574648,0.486356886205485
12.41,0.428874328655282,0.423244152830056,0.487332293487516
12.42,0.429654826628261,0.423980805160693,0.48831096027878
12.43,0.430438245181918,0.424722972642856,0.489292887175044
12.44,0.431224572445089,0.425470674836274,0.490278074759538
12.45,0.432013797221601,0.426223925425751,0.491266523569638
12.46,0.432805909105476,0.426982731647444,0.492258234132879
12.47,0.433600898431558,0.427747094826681,0.493253206965878
12.48,0.434398756153057,0.428517011004863,0.494251442528786
12.49,0.435199473870307,0.42929247148758,0.495252941266616
12.5,0.436003043810799,0.430073463410211,0.496257703627113
12.51,0.436809458703438,0.430859970265145,0.497265730015994
12.52,0.437618711759995,0.431651972098335,0.498277020790033
12.53,0.438430796640853,0.432449447079732,0.499291576315022
12.54,0.439245707430562,0.433252371684038,0.50030939696271
12.55,0.440063438552853,0.434060720292433,0.501330483046256
12.56,0.440883984771254,0.434874465949559,0.502354834850057
12.57,0.441707341167574,0.435693581472852,0.503382452674576
12.58,0.442533503132007,0.43651803921075,0.504413336821795
12.59,0.443362466316343,0.437347810306015,0.5054474875324
12.6,0.444194226652936,0.438182865643871,0.506484905038614
12.61,0.445028780372544,0.439023176032421,0.507525589587921
12.62,0.445866123986651,0.439868711710786,0.508569541410778
12.63,0.44670625423323,0.440719442211176,0.509616760679605
12.64,0.447549168168085,0.441575336618982,0.510667247573764
12.65,0.448394863187703,0.442436363518987,0.511721002290483
12.66,0.449243336989552,0.443302490604532,0.512778025008025
12.67,0.450094587431262,0.444173684761175,0.513838315819712
12.68,0.45094861272858,0.445049912010062,0.514901874827277
12.69,0.451805411491341,0.445931137444628,0.51596870215557
12.7,0.452664982714277,0.446817325218986,0.517038797949388
12.71,0.45352732557608,0.447708438460181,0.518112162286586
12.72,0.454392439435554,0.448604439384508,0.519188795172012
12.73,0.455260324026465,0.449505289351834,0.520268696631894
12.74,0.456130979466194,0.450410948862367,0.521351866718614
12.75,0.457004406224929,0.451321377578805,0.522438305529175
12.76,0.457880607851237,0.452236540851337,0.523526250886723
12.77,0.458759563889428,0.453156376577779,0.52461391273142
12.78,0.459641203671812,0.454080763331514,0.525701289884884
12.79,0.460525411853742,0.455009529743494,0.526788380568854
12.8,0.461412034490965,0.455942461300784,0.527875182503151
12.81,0.46230088633664,0.456879308575393,0.528961693084749
12.82,0.463191755333704,0.457819792204351,0.530047909454062
12.83,0.464084414694246,0.458763616421792,0.531133828752685
12.84,0.464978629675095,0.459710476622399,0.532219448237819
12.85,0.465874161688067,0.460660063889576,0.53330476528735
12.86,0.466770779506934,0.461612077531894,0.534389777565313
12.87,0.467668261994759,0.46256622810598,0.535474483012996
12.88,0.468566402856188,0.463522242713409,0.536558879853901
12.89,0.469465014790318,0.464479869633754,0.537642966592701
12.9,0.470363930299826,0.465438879235459,0.538726741978751
12.91,0.471263003831679,0.466399066375264,0.539810204974892
12.92,0.472162110404642,0.467360248888661,0.540893354723394
12.93,0.473061145673144,0.468322267690665,0.541976190503498
12.94,0.473960023612982,0.469284984220181,0.543058711714064
12.95,0.474858674320209,0.470248278036817,0.544140917832976
12.96,0.475757041679202,0.471212044253166,0.545222808403452
12.97,0.476655081681631,0.472176191686334,0.546304383031742
12.98,0.477552757349925,0.473140637290012,0.547385641344738
12.99,0.478450037474243,0.47410530476611,0.548466582992078
13,0.479346895860495,0.475070123743396,0.549547207657409
13.01,0.480243306783215,0.476035024801113,0.550627515029054
13.02,0.481139243719066,0.476999938086747,0.551707504799271
13.03,0.482034680148933,0.477964794214856,0.552787176675324
13.04,0.482929586518132,0.478929520955154,0.553866530365972
13.05,0.483823930523747,0.479894043566549,0.554945565585703
13.06,0.484717677462991,0.480858285201207,0.556024282059228
13.07,0.485610789438358,0.481822166073782,0.557102679518701
13.08,0.486503226446259,0.482785604665419,0.558180757709869
13.09,0.487394946831884,0.483748518255003,0.559258516394629
13.1,0.488285907908559,0.484710823647957,0.560335955350903
13.11,0.489176066793479,0.485672438089687,0.561413074376743
13.12,0.490065380579006,0.486633279456187,0.562489873293054
13.13,0.490953808303154,0.487593268501132,0.563566351940348
13.14,0.491841311202079,0.488552329138567,0.56464251017838
13.15,0.492727852875283,0.489510388593539,0.565718347888198
13.16,0.493613399421247,0.490467377573867,0.566793864972905
13.17,0.494497921020041,0.491423232058149,0.567869061348742
13.18,0.495381391892725,0.492377893246872,0.568943936944723
13.19,0.496263789319882,0.493331306456755,0.570018491707317
13.2,0.497145094449124,0.494283422038346,0.571092725593944
13.21,0.498025292386101,0.495234195484574,0.572166638567749
13.22,0.498904371534333,0.49618358669047,0.573240230601778
13.23,0.499782323474715,0.497131559820874,0.574313501679489
13.24,0.500659142679465,0.49807808300659,0.575386451786841
13.25,0.501534826132014,0.499023127923782,0.576459080911893
13.26,0.502409373199989,0.499966669638449,0.577531389053607
13.27,0.503282785406744,0.500908686360019,0.578603376218156
13.28,0.504155065472061,0.501849158390867,0.579675042411852
13.29,0.505026217293699,0.502788068105949,0.580746387641093
13.3,0.505896245813384,0.503725399792146,0.581817411917516
13.31,0.506765157440033,0.504661140106481,0.582888115264581
13.32,0.507632959167918,0.50559527711373,0.583958497707505
13.33,0.508499658196047,0.506527799864793,0.5850285592718
13.34,0.509365262015815,0.507458698491497,0.586098299983796
13.35,0.51022977912352,0.508387964976956,0.587167719877991
13.36,0.511093218519614,0.509315592605463,0.588236818994685
13.37,0.511955589520518,0.510241575752485,0.589305597373802
13.38,0.512816901816746,0.511165909947105,0.590374055054561
13.39,0.513677165831656,0.51208859225627,0.591442192079324
13.4,0.514536392577353,0.513009621120207,0.592510008500323
13.41,0.515394593699664,0.513928996394586,0.593577504368461
13.42,0.516251781528208,0.514846719404076,0.594644679731743
13.43,0.517107969105133,0.515762792972111,0.5957115346349
13.44,0.517963170401197,0.516677221635904,0.596778069124255
13.45,0.518817399877551,0.517590011167165,0.597844283260869
13.46,0.519670672751403,0.518501168844651,0.598910177103301
13.47,0.520523005085799,0.519410703547789,0.599975750704817
13.48,0.521374413789635,0.520318625756677,0.601041004113393
13.49,0.522224916608496,0.521224947541276,0.602105937372086
13.5,0.523074531717774,0.522129682077106,0.603170550632181
13.51,0.523923274178278,0.523032838642909,0.60423299255567
13.52,0.524771135365286,0.523934401942135,0.605291349565773
13.53,0.525618062930905,0.524834312103929,0.606345621361711
13.54,0.526463960309511,0.52573246288035,0.607395807514784
13.55,0.527308691646602,0.526628706873609,0.608441907435352
13.56,0.528152089214429,0.527522863403793,0.609483920470019
13.57,0.528993960630695,0.528414726167986,0.61052184598536
13.58,0.52983409591844,0.529304070732198,0.611555683446603
13.59,0.530672278101644,0.530190665775112,0.612585432492211
13.6,0.531508286506686,0.531074276589108,0.613611092957203
13.61,0.532341907312039,0.531954676273646,0.614632664889927
13.62,0.533172936831068,0.532831649214484,0.615650148542938
13.63,0.534001186199293,0.533704996050785,0.616663544342839
13.64,0.5348264854903,0.534574538035835,0.617672852848605
13.65,0.535648684476038,0.535440117833351,0.618678074720435
13.66,0.536467654886268,0.536301601903481,0.619679210659734
13.67,0.537283288927547,0.537158878919293,0.620676261402634
13.68,0.538095499394791,0.538011859867904,0.621669227657651
13.69,0.538904217358938,0.538860475586002,0.622658110126475
13.7,0.539709389923796,0.53970467435742,0.623642909463299
13.71,0.540510977675632,0.540544419192118,0.624623626274088
13.72,0.541308953598275,0.541379686668193,0.625600261164094
13.73,0.542103297436136,0.542210460914556,0.626572814684446
13.74,0.542893994285068,0.543036732107776,0.627541287338212
13.75,0.543681033956102,0.543858495790018,0.628505679651583
13.76,0.544464407190219,0.544675748825403,0.629465992135338
13.77,0.545244103155363,0.545488486727899,0.630422225278601
13.78,0.546020110761723,0.546296705053953,0.631374379593415
13.79,0.546792415990196,0.547100396544905,0.6323224555949
13.8,0.547561001422581,0.54789955061679,0.633266453797885
13.81,0.548325847133104,0.548694154300744,0.634206374747817
13.82,0.549086929749103,0.549484191225335,0.635142218986852
13.83,0.549844223337798,0.550269642552649,0.636073987068756
13.84,0.550597700076026,0.551050487680163,0.637001679578216
13.85,0.551347330767688,0.551826704770976,0.637925297081612
13.86,0.552093085816967,0.552598271782273,0.638844840140989
13.87,0.552834935213834,0.553365166447891,0.639760309376178
13.88,0.553572850443338,0.554127368278607,0.64067170537476
13.89,0.554306804950879,0.554884859051291,0.641579028674878
13.9,0.555036774392847,0.555637623070635,0.642482279817059
13.91,0.555762736444586,0.556385646957919,0.643381459383216
13.92,0.556484672399156,0.557128921325621,0.644276567900999
13.93,0.557202567457996,0.557867441081334,0.64516760583572
13.94,0.557916409738037,0.558601204368781,0.646054573660035
13.95,0.558626190624144,0.559330212930419,0.646937471846827
13.96,0.559331905128902,0.560054472472456,0.647816300806324
13.97,0.560033551423566,0.560773992161849,0.648691060903544
13.98,0.560731130488753,0.561488784253003,0.649561752530832
13.99,0.561424645864675,0.562198863801969,0.650428376042714
14,0.562114103331981,0.562904248319181,0.651290931730398
14.01,0.562799510459009,0.563604957283962,0.652149419861845
14.02,0.563480876862434,0.564301012419031,0.65300384074869
14.03,0.564158213199592,0.564992436597939,0.653854194660873
14.04,0.564831530803932,0.565679253452417,0.65470048181044
14.05,0.565500841724349,0.566361487410287,0.655542702382273
14.06,0.566166159158721,0.56703916415277,0.656380856619495
14.07,0.56682749656963,0.567712309657786,0.657214944738518
14.08,0.567484867300521,0.568380949784124,0.658044966902824
14.09,0.568138284785677,0.569045110492455,0.658870923240853
14.1,0.568787763162533,0.569704818490886,0.659692813934771
14.11,0.569433316624828,0.570360100535891,0.660510639153956
14.12,0.570074959338915,0.5710109833343,0.661324399017028
14.13,0.570712705611857,0.571657493719261,0.662134093603307
14.14,0.571346570265498,0.572299659044489,0.662939723047982
14.15,0.571976568373307,0.572937506893616,0.66374128748276
14.16,0.572602715297623,0.573571065111117,0.664538786982627
14.17,0.573225026720622,0.574200361834039,0.665332221562658
14.18,0.573843518910258,0.574825425768531,0.666121591255236
14.19,0.574458208598794,0.575446286058196,0.666906896186234
14.2,0.575069112977936,0.576062972264813,0.667688136427273
14.21,0.575676249717085,0.576675514386195,0.668465311982113
14.22,0.576279636963433,0.577283942856276,0.669238422786977
14.23,0.576879293364846,0.577888288562618,0.6700074688195
14.24,0.577475238013571,0.578488582776649,0.670772450102042
14.25,0.578067490379488,0.579084857082877,0.671533366605321
